Fecha,Hora,period eating,period other,period resting,period rumination,period eating_count,period other_count,period resting_count,period rumination_count
2024-07-02,0,0.0,0.0,0.252,0.748,0.0,0.0,2.0,1.0
2024-07-02,1,0.0,0.0,0.534,0.466,0.0,0.0,1.0,1.0
2024-07-02,2,0.0,0.0,0.325,0.675,0.0,0.0,1.0,1.0
2024-07-02,3,0.0,0.0,0.344,0.656,0.0,0.0,1.0,1.0
2024-07-02,4,0.003,0.0,0.708,0.289,1.0,0.0,1.0,1.0
2024-07-02,5,0.233,0.0,0.767,0.0,2.0,0.0,2.0,0.0
2024-07-02,6,0.0,0.0,0.37,0.63,0.0,0.0,2.0,1.0
2024-07-02,7,0.879,0.0,0.121,0.0,1.0,0.0,1.0,0.0
2024-07-02,8,0.892,0.0,0.108,0.0,1.0,0.0,1.0,0.0
2024-07-02,9,0.0,0.0,0.836,0.164,0.0,0.0,1.0,1.0
2024-07-02,10,0.259,0.0,0.315,0.426,1.0,0.0,1.0,1.0
2024-07-02,11,1.0,0.0,0.0,0.0,1.0,0.0,0.0,0.0
2024-07-02,12,0.826,0.0,0.079,0.095,1.0,0.0,1.0,1.0
2024-07-02,13,0.433,0.0,0.151,0.416,2.0,0.0,2.0,1.0
2024-07-02,14,0.049,0.0,0.439,0.511,1.0,0.0,2.0,2.0
2024-07-02,15,0.252,0.0,0.511,0.236,3.0,0.0,2.0,1.0
2024-07-02,16,1.0,0.0,0.0,0.0,1.0,0.0,0.0,0.0
2024-07-02,17,1.0,0.0,0.0,0.0,1.0,0.0,0.0,0.0
2024-07-02,18,1.0,0.0,0.0,0.0,1.0,0.0,0.0,0.0
2024-07-02,19,0.357,0.157,0.275,0.21,2.0,1.0,2.0,1.0
2024-07-02,20,0.0,0.0,0.738,0.262,0.0,0.0,1.0,1.0
2024-07-02,21,0.125,0.0,0.167,0.708,1.0,0.0,2.0,1.0
2024-07-02,22,1.0,0.0,0.0,0.0,1.0,0.0,0.0,0.0
2024-07-02,23,0.056,0.0,0.354,0.59,1.0,0.0,3.0,2.0
2024-07-03,0,0.0,0.0,0.472,0.528,0.0,0.0,1.0,1.0
2024-07-03,1,0.0,0.0,0.387,0.613,0.0,0.0,1.0,1.0
2024-07-03,2,0.0,0.0,0.607,0.393,0.0,0.0,2.0,1.0
2024-07-03,3,0.0,0.0,0.331,0.669,0.0,0.0,2.0,1.0
2024-07-03,4,0.161,0.0,0.643,0.197,1.0,0.0,1.0,1.0
2024-07-03,5,0.154,0.0,0.807,0.039,3.0,0.0,3.0,1.0
2024-07-03,6,0.0,0.0,0.256,0.744,0.0,0.0,1.0,1.0
2024-07-03,7,0.289,0.0,0.354,0.357,1.0,0.0,2.0,2.0
2024-07-03,8,1.0,0.0,0.0,0.0,1.0,0.0,0.0,0.0
2024-07-03,9,0.285,0.0,0.708,0.007,1.0,0.0,1.0,1.0
2024-07-03,10,0.692,0.0,0.157,0.151,1.0,0.0,1.0,1.0
2024-07-03,11,1.0,0.0,0.0,0.0,1.0,0.0,0.0,0.0
2024-07-03,12,0.787,0.0,0.079,0.134,1.0,0.0,1.0,1.0
2024-07-03,13,0.898,0.0,0.0,0.102,1.0,0.0,0.0,1.0
2024-07-03,14,0.489,0.118,0.157,0.236,2.0,1.0,1.0,1.0
2024-07-03,15,0.03,0.0,0.472,0.498,1.0,0.0,1.0,1.0
2024-07-03,16,0.908,0.0,0.079,0.013,2.0,0.0,1.0,1.0
2024-07-03,17,0.961,0.0,0.039,0.0,2.0,0.0,1.0,0.0
2024-07-03,18,0.807,0.0,0.193,0.0,1.0,0.0,1.0,0.0
2024-07-03,19,0.0,0.0,0.252,0.748,0.0,0.0,2.0,1.0
2024-07-03,20,0.0,0.0,0.498,0.502,0.0,0.0,3.0,3.0
2024-07-03,21,0.0,0.0,0.518,0.482,0.0,0.0,2.0,2.0
2024-07-03,22,0.0,0.0,0.584,0.416,0.0,0.0,1.0,1.0
2024-07-03,23,0.433,0.0,0.0,0.567,1.0,0.0,1.0,1.0
2024-07-04,0,0.236,0.0,0.292,0.472,2.0,0.0,3.0,2.0
2024-07-04,1,0.0,0.0,0.692,0.308,0.0,0.0,1.0,1.0
2024-07-04,2,0.0,0.0,0.482,0.518,0.0,0.0,1.0,1.0
2024-07-04,3,0.0,0.0,0.62,0.38,0.0,0.0,1.0,1.0
2024-07-04,4,0.0,0.0,0.472,0.528,0.0,0.0,1.0,2.0
2024-07-04,5,0.236,0.0,0.452,0.311,1.0,0.0,1.0,1.0
2024-07-04,6,0.0,0.0,1.0,0.0,0.0,0.0,1.0,0.0
2024-07-04,7,0.643,0.0,0.357,0.0,1.0,0.0,1.0,0.0
2024-07-04,8,1.0,0.0,0.0,0.0,1.0,0.0,0.0,0.0
2024-07-04,9,1.0,0.0,0.0,0.0,1.0,0.0,0.0,0.0
2024-07-04,10,1.0,0.0,0.0,0.0,1.0,0.0,0.0,0.0
2024-07-04,11,0.646,0.0,0.197,0.157,2.0,0.0,1.0,1.0
2024-07-04,12,1.0,0.0,0.0,0.0,1.0,0.0,0.0,0.0
2024-07-04,13,0.77,0.0,0.072,0.157,2.0,0.0,1.0,1.0
2024-07-04,14,0.0,0.157,0.243,0.6,0.0,1.0,2.0,1.0
2024-07-04,15,0.105,0.0,0.511,0.384,1.0,0.0,2.0,3.0
2024-07-04,16,1.0,0.0,0.0,0.0,1.0,0.0,0.0,0.0
2024-07-04,17,0.98,0.0,0.02,0.0,1.0,0.0,1.0,0.0
2024-07-04,18,0.941,0.0,0.059,0.0,1.0,0.0,1.0,0.0
2024-07-04,19,0.79,0.0,0.0,0.21,1.0,0.0,0.0,1.0
2024-07-04,20,0.0,0.0,0.079,0.921,0.0,0.0,2.0,4.0
2024-07-04,21,0.0,0.0,0.433,0.567,0.0,0.0,1.0,2.0
2024-07-04,22,0.0,0.0,0.59,0.41,0.0,0.0,1.0,2.0
2024-07-04,23,0.0,0.0,0.039,0.961,1.0,0.0,1.0,2.0
2024-07-05,0,0.039,0.0,0.59,0.37,1.0,0.0,2.0,2.0
2024-07-05,1,0.433,0.0,0.151,0.416,1.0,0.0,1.0,1.0
2024-07-05,2,0.0,0.0,0.203,0.797,0.0,0.0,1.0,1.0
2024-07-05,3,0.393,0.0,0.577,0.03,2.0,0.0,2.0,1.0
2024-07-05,4,0.0,0.0,0.21,0.79,0.0,0.0,1.0,1.0
2024-07-05,5,0.157,0.0,0.61,0.233,1.0,0.0,2.0,1.0
2024-07-05,6,0.0,0.0,0.649,0.351,0.0,0.0,1.0,1.0
2024-07-05,7,0.682,0.0,0.079,0.239,1.0,0.0,1.0,1.0
2024-07-05,8,1.0,0.0,0.0,0.0,1.0,0.0,0.0,0.0
2024-07-05,9,0.639,0.0,0.361,0.0,1.0,0.0,1.0,0.0
2024-07-05,10,0.22,0.0,0.348,0.433,1.0,0.0,1.0,1.0
2024-07-05,11,0.646,0.0,0.157,0.197,1.0,0.0,1.0,1.0
2024-07-05,12,0.607,0.0,0.0,0.393,1.0,0.0,0.0,1.0
2024-07-05,13,0.849,0.079,0.072,0.0,1.0,1.0,1.0,0.0
2024-07-05,14,0.0,0.0,0.37,0.63,0.0,0.0,3.0,2.0
2024-07-05,15,0.0,0.0,0.292,0.708,0.0,0.0,2.0,1.0
2024-07-05,16,0.908,0.0,0.092,0.0,1.0,0.0,1.0,0.0
2024-07-05,17,1.0,0.0,0.0,0.0,1.0,0.0,0.0,0.0
2024-07-05,18,0.803,0.0,0.197,0.0,2.0,0.0,1.0,0.0
2024-07-05,19,0.725,0.039,0.236,0.0,3.0,1.0,1.0,0.0
2024-07-05,20,0.262,0.0,0.738,0.0,2.0,0.0,2.0,0.0
2024-07-05,21,0.046,0.0,0.443,0.511,1.0,0.0,1.0,1.0
2024-07-05,22,1.0,0.0,0.0,0.0,1.0,0.0,0.0,0.0
2024-07-05,23,0.646,0.0,0.197,0.157,3.0,0.0,2.0,1.0
2024-07-07,0,0.0,0.0,0.489,0.511,0.0,0.0,2.0,1.0
2024-07-07,1,0.0,0.0,0.298,0.702,0.0,0.0,1.0,1.0
2024-07-07,2,0.0,0.0,0.826,0.174,0.0,0.0,1.0,2.0
2024-07-07,3,0.0,0.0,0.341,0.659,0.0,0.0,2.0,2.0
2024-07-07,4,0.0,0.0,1.0,0.0,0.0,0.0,1.0,0.0
2024-07-07,5,0.157,0.0,0.725,0.118,1.0,0.0,2.0,1.0
2024-07-07,6,0.0,0.0,1.0,0.0,0.0,0.0,1.0,0.0
2024-07-07,7,0.407,0.0,0.2,0.393,1.0,0.0,1.0,1.0
2024-07-07,8,1.0,0.0,0.0,0.0,1.0,0.0,0.0,0.0
2024-07-07,9,0.961,0.039,0.0,0.0,2.0,1.0,0.0,0.0
2024-07-07,10,0.764,0.0,0.236,0.0,2.0,0.0,1.0,0.0
2024-07-07,11,1.0,0.0,0.0,0.0,1.0,0.0,0.0,0.0
2024-07-07,12,1.0,0.0,0.0,0.0,1.0,0.0,0.0,0.0
2024-07-07,13,0.252,0.0,0.118,0.63,2.0,0.0,2.0,1.0
2024-07-07,14,0.007,0.0,0.482,0.511,1.0,0.0,3.0,2.0
2024-07-07,15,0.42,0.0,0.305,0.275,1.0,0.0,1.0,1.0
2024-07-07,16,1.0,0.0,0.0,0.0,1.0,0.0,0.0,0.0
2024-07-07,17,1.0,0.0,0.0,0.0,1.0,0.0,0.0,0.0
2024-07-07,18,0.843,0.157,0.0,0.0,2.0,1.0,0.0,0.0
2024-07-07,19,0.672,0.0,0.039,0.289,1.0,0.0,1.0,1.0
2024-07-07,20,0.0,0.0,0.502,0.498,0.0,0.0,1.0,1.0
2024-07-07,21,0.039,0.0,0.449,0.511,1.0,0.0,4.0,2.0
2024-07-07,22,0.0,0.0,0.151,0.849,0.0,0.0,1.0,1.0
2024-07-07,23,0.433,0.0,0.315,0.252,1.0,0.0,2.0,1.0
2024-07-08,0,0.354,0.0,0.197,0.449,1.0,0.0,1.0,1.0
2024-07-08,1,0.19,0.0,0.0,0.81,1.0,0.0,0.0,1.0
2024-07-08,2,0.479,0.0,0.236,0.285,1.0,0.0,1.0,1.0
2024-07-08,3,0.0,0.0,0.511,0.489,0.0,0.0,2.0,3.0
2024-07-08,4,0.079,0.039,0.2,0.682,1.0,1.0,1.0,1.0
2024-07-08,5,0.039,0.0,0.548,0.413,1.0,0.0,2.0,1.0
2024-07-08,6,0.0,0.0,0.351,0.649,0.0,0.0,2.0,2.0
2024-07-08,7,0.839,0.0,0.161,0.0,1.0,0.0,1.0,0.0
2024-07-08,8,1.0,0.0,0.0,0.0,1.0,0.0,0.0,0.0
2024-07-08,9,1.0,0.0,0.0,0.0,1.0,0.0,0.0,0.0
2024-07-08,10,0.308,0.0,0.551,0.141,1.0,0.0,1.0,1.0
2024-07-08,11,0.669,0.0,0.118,0.213,2.0,0.0,2.0,1.0
2024-07-08,12,1.0,0.0,0.0,0.0,1.0,0.0,0.0,0.0
2024-07-08,13,0.141,0.0,0.197,0.662,1.0,0.0,1.0,1.0
2024-07-08,14,0.079,0.236,0.6,0.085,1.0,2.0,2.0,1.0
2024-07-08,15,0.0,0.0,0.226,0.774,0.0,0.0,3.0,3.0
2024-07-08,16,0.672,0.0,0.236,0.092,1.0,0.0,1.0,1.0
2024-07-08,17,1.0,0.0,0.0,0.0,1.0,0.0,0.0,0.0
2024-07-08,18,1.0,0.0,0.0,0.0,1.0,0.0,0.0,0.0
2024-07-08,19,0.908,0.0,0.0,0.092,1.0,0.0,0.0,1.0
2024-07-08,20,0.0,0.0,0.03,0.97,0.0,0.0,1.0,1.0
2024-07-08,21,0.0,0.0,0.325,0.675,0.0,0.0,1.0,1.0
2024-07-08,22,0.0,0.0,0.63,0.37,0.0,0.0,1.0,2.0
2024-07-08,23,0.511,0.0,0.0,0.489,2.0,0.0,0.0,1.0
2024-07-10,0,0.0,0.0,0.236,0.764,0.0,0.0,1.0,2.0
2024-07-10,1,0.0,0.0,0.19,0.81,0.0,0.0,1.0,1.0
2024-07-10,2,0.0,0.0,0.282,0.718,0.0,0.0,1.0,2.0
2024-07-10,3,0.0,0.0,0.63,0.37,0.0,0.0,1.0,2.0
2024-07-10,4,0.121,0.0,0.315,0.564,3.0,0.0,2.0,1.0
2024-07-10,5,0.075,0.0,0.708,0.216,1.0,0.0,1.0,1.0
2024-07-10,6,0.154,0.0,0.275,0.57,1.0,0.0,1.0,1.0
2024-07-10,7,1.0,0.0,0.0,0.0,1.0,0.0,0.0,0.0
2024-07-10,8,0.695,0.0,0.305,0.0,1.0,0.0,1.0,0.0
2024-07-10,9,0.315,0.007,0.128,0.551,1.0,1.0,2.0,1.0
2024-07-10,10,0.062,0.111,0.826,0.0,1.0,1.0,1.0,0.0
2024-07-10,11,1.0,0.0,0.0,0.0,1.0,0.0,0.0,0.0
2024-07-10,12,0.41,0.0,0.157,0.433,2.0,0.0,2.0,1.0
2024-07-10,13,1.0,0.0,0.0,0.0,1.0,0.0,0.0,0.0
2024-07-10,14,0.361,0.0,0.393,0.246,2.0,0.0,3.0,2.0
2024-07-10,15,0.0,0.0,0.079,0.921,0.0,0.0,1.0,2.0
2024-07-10,16,0.79,0.0,0.079,0.131,1.0,0.0,1.0,1.0
2024-07-10,17,0.607,0.0,0.393,0.0,2.0,0.0,1.0,0.0
2024-07-10,18,0.843,0.0,0.157,0.0,2.0,0.0,1.0,0.0
2024-07-10,19,0.279,0.0,0.118,0.603,1.0,0.0,1.0,1.0
2024-07-10,20,0.0,0.0,0.62,0.38,0.0,0.0,1.0,1.0
2024-07-10,21,0.0,0.0,0.37,0.63,0.0,0.0,2.0,1.0
2024-07-10,22,0.0,0.0,0.505,0.495,0.0,0.0,1.0,1.0
2024-07-10,23,0.0,0.0,0.826,0.174,0.0,0.0,1.0,3.0
2024-07-11,0,0.0,0.0,0.607,0.393,0.0,0.0,1.0,1.0
2024-07-11,1,0.387,0.0,0.613,0.0,1.0,0.0,1.0,0.0
2024-07-11,2,0.479,0.0,0.275,0.246,1.0,0.0,1.0,1.0
2024-07-11,3,0.0,0.0,0.42,0.58,0.0,0.0,1.0,1.0
2024-07-11,4,0.121,0.0,0.446,0.433,1.0,0.0,2.0,2.0
2024-07-11,5,0.075,0.0,0.905,0.02,2.0,0.0,2.0,1.0
2024-07-11,6,0.193,0.0,0.118,0.689,1.0,0.0,2.0,2.0
2024-07-11,7,1.0,0.0,0.0,0.0,1.0,0.0,0.0,0.0
2024-07-11,8,1.0,0.0,0.0,0.0,1.0,0.0,0.0,0.0
2024-07-11,9,1.0,0.0,0.0,0.0,1.0,0.0,0.0,0.0
2024-07-11,10,0.544,0.141,0.315,0.0,1.0,4.0,3.0,0.0
2024-07-11,11,0.0,0.213,0.354,0.433,0.0,1.0,4.0,4.0
2024-07-11,12,0.095,0.0,0.197,0.708,1.0,0.0,3.0,4.0
2024-07-11,13,1.0,0.0,0.0,0.0,1.0,0.0,0.0,0.0
2024-07-11,14,0.725,0.0,0.275,0.0,3.0,0.0,2.0,0.0
2024-07-11,15,0.069,0.0,0.197,0.734,1.0,0.0,1.0,1.0
2024-07-11,16,0.869,0.0,0.0,0.131,1.0,0.0,0.0,1.0
2024-07-11,17,1.0,0.0,0.0,0.0,1.0,0.0,0.0,0.0
2024-07-11,18,0.964,0.0,0.036,0.0,1.0,0.0,1.0,0.0
2024-07-11,19,0.0,0.0,0.869,0.131,0.0,0.0,2.0,2.0
2024-07-11,20,0.354,0.0,0.423,0.223,2.0,0.0,4.0,2.0
2024-07-11,21,0.0,0.0,0.01,0.99,0.0,0.0,1.0,1.0
2024-07-11,22,0.0,0.0,0.967,0.033,0.0,0.0,1.0,1.0
2024-07-11,23,0.315,0.0,0.056,0.63,1.0,0.0,2.0,2.0
2024-07-12,0,0.213,0.0,0.157,0.63,2.0,0.0,1.0,1.0
2024-07-12,1,0.259,0.0,0.393,0.348,1.0,0.0,1.0,1.0
2024-07-12,2,0.0,0.0,0.521,0.479,0.0,0.0,1.0,1.0
2024-07-12,3,0.0,0.0,0.331,0.669,0.0,0.0,2.0,1.0
2024-07-12,4,0.157,0.0,0.489,0.354,1.0,0.0,2.0,1.0
2024-07-12,5,0.0,0.0,0.666,0.334,0.0,0.0,2.0,2.0
2024-07-12,6,0.115,0.0,0.433,0.452,1.0,0.0,1.0,1.0
2024-07-12,7,1.0,0.0,0.0,0.0,1.0,0.0,0.0,0.0
2024-07-12,8,1.0,0.0,0.0,0.0,1.0,0.0,0.0,0.0
2024-07-12,9,0.521,0.0,0.479,0.0,1.0,0.0,1.0,0.0
2024-07-12,10,0.77,0.0,0.23,0.0,1.0,0.0,1.0,0.0
2024-07-12,11,0.882,0.0,0.118,0.0,2.0,0.0,1.0,0.0
2024-07-12,12,0.984,0.0,0.016,0.0,1.0,0.0,1.0,0.0
2024-07-12,13,0.472,0.0,0.174,0.354,2.0,0.0,3.0,1.0
2024-07-12,14,0.157,0.0,0.449,0.393,1.0,0.0,3.0,2.0
2024-07-12,15,0.184,0.0,0.148,0.669,1.0,0.0,2.0,2.0
2024-07-12,16,1.0,0.0,0.0,0.0,1.0,0.0,0.0,0.0
2024-07-12,17,0.98,0.0,0.02,0.0,1.0,0.0,1.0,0.0
2024-07-12,18,0.508,0.0,0.374,0.118,1.0,0.0,1.0,1.0
2024-07-12,19,0.121,0.0,0.157,0.721,1.0,0.0,3.0,3.0
2024-07-12,20,0.0,0.0,0.59,0.41,0.0,0.0,2.0,4.0
2024-07-12,21,0.597,0.0,0.0,0.403,1.0,0.0,0.0,1.0
2024-07-12,22,0.151,0.0,0.236,0.613,1.0,0.0,1.0,1.0
2024-07-12,23,0.0,0.0,0.472,0.528,1.0,0.0,1.0,1.0
2024-07-13,0,0.0,0.0,0.252,0.748,0.0,0.0,2.0,1.0
2024-07-13,1,0.0,0.0,0.652,0.348,0.0,0.0,1.0,1.0
2024-07-13,2,0.0,0.0,0.393,0.607,0.0,0.0,1.0,2.0
2024-07-13,3,0.0,0.0,0.459,0.541,0.0,0.0,3.0,3.0
2024-07-13,4,0.0,0.0,1.0,0.0,0.0,0.0,1.0,0.0
2024-07-13,5,0.118,0.0,0.489,0.393,1.0,0.0,2.0,1.0
2024-07-13,6,0.079,0.0,0.767,0.154,1.0,0.0,2.0,1.0
2024-07-13,7,0.682,0.0,0.039,0.279,1.0,0.0,1.0,3.0
2024-07-13,8,1.0,0.0,0.0,0.0,1.0,0.0,0.0,0.0
2024-07-13,9,1.0,0.0,0.0,0.0,1.0,0.0,0.0,0.0
2024-07-13,10,0.662,0.0,0.338,0.0,2.0,0.0,2.0,0.0
2024-07-13,11,0.039,0.0,0.016,0.944,1.0,0.0,1.0,1.0
2024-07-13,12,1.0,0.0,0.0,0.0,1.0,0.0,0.0,0.0
2024-07-13,13,0.495,0.118,0.387,0.0,2.0,2.0,3.0,0.0
2024-07-13,14,0.0,0.0,0.675,0.325,0.0,0.0,2.0,2.0
2024-07-13,15,0.577,0.0,0.0,0.423,1.0,0.0,0.0,1.0
2024-07-13,16,0.961,0.039,0.0,0.0,2.0,1.0,0.0,0.0
2024-07-13,17,1.0,0.0,0.0,0.0,1.0,0.0,0.0,0.0
2024-07-13,18,1.0,0.0,0.0,0.0,1.0,0.0,0.0,0.0
2024-07-13,19,0.711,0.0,0.0,0.289,1.0,0.0,0.0,1.0
2024-07-13,20,0.0,0.0,0.108,0.892,0.0,0.0,2.0,2.0
2024-07-13,21,0.511,0.0,0.364,0.125,1.0,0.0,2.0,1.0
2024-07-13,22,0.0,0.0,0.433,0.567,0.0,0.0,1.0,2.0
2024-07-13,23,0.039,0.0,0.433,0.528,1.0,0.0,3.0,1.0
2024-07-14,0,0.0,0.0,0.0,1.0,0.0,0.0,0.0,1.0
2024-07-14,1,0.0,0.0,0.977,0.023,0.0,0.0,1.0,1.0
2024-07-14,2,0.0,0.0,0.282,0.718,0.0,0.0,1.0,1.0
2024-07-14,3,0.0,0.0,0.63,0.37,0.0,0.0,1.0,2.0
2024-07-14,4,0.0,0.0,0.318,0.682,0.0,0.0,2.0,2.0
2024-07-14,5,0.079,0.0,0.921,0.0,1.0,0.0,2.0,0.0
2024-07-14,6,0.0,0.0,1.0,0.0,0.0,0.0,1.0,0.0
2024-07-14,7,0.8,0.0,0.2,0.0,1.0,0.0,1.0,0.0
2024-07-14,8,1.0,0.0,0.0,0.0,1.0,0.0,0.0,0.0
2024-07-14,9,0.718,0.0,0.282,0.0,2.0,0.0,2.0,0.0
2024-07-14,10,0.731,0.0,0.269,0.0,1.0,0.0,1.0,0.0
2024-07-14,11,1.0,0.0,0.0,0.0,1.0,0.0,0.0,0.0
2024-07-14,12,1.0,0.0,0.0,0.0,1.0,0.0,0.0,0.0
2024-07-14,13,0.18,0.039,0.505,0.275,2.0,1.0,2.0,1.0
2024-07-14,14,0.0,0.0,0.557,0.443,0.0,0.0,2.0,2.0
2024-07-14,15,0.38,0.0,0.0,0.62,1.0,0.0,0.0,1.0
2024-07-14,16,0.882,0.118,0.0,0.0,2.0,1.0,0.0,0.0
2024-07-14,17,1.0,0.0,0.0,0.0,1.0,0.0,0.0,0.0
2024-07-14,18,1.0,0.0,0.0,0.0,1.0,0.0,0.0,0.0
2024-07-14,19,0.082,0.0,0.118,0.8,1.0,0.0,2.0,2.0
2024-07-14,20,0.0,0.0,0.551,0.449,0.0,0.0,1.0,2.0
2024-07-14,21,0.0,0.0,0.472,0.528,0.0,0.0,1.0,2.0
2024-07-14,22,0.495,0.0,0.079,0.426,1.0,0.0,1.0,1.0
2024-07-14,23,0.607,0.0,0.157,0.236,1.0,0.0,2.0,3.0
2024-07-15,0,0.0,0.0,0.669,0.331,0.0,0.0,1.0,2.0
2024-07-15,1,0.0,0.0,0.0,1.0,0.0,0.0,0.0,1.0
2024-07-15,2,0.0,0.0,0.639,0.361,0.0,0.0,1.0,1.0
2024-07-15,3,0.0,0.0,0.58,0.42,0.0,0.0,1.0,1.0
2024-07-15,4,0.118,0.0,0.711,0.17,1.0,0.0,2.0,1.0
2024-07-15,5,0.039,0.0,0.744,0.216,1.0,0.0,2.0,1.0
2024-07-15,6,0.43,0.0,0.0,0.57,1.0,0.0,0.0,1.0
2024-07-15,7,1.0,0.0,0.0,0.0,1.0,0.0,0.0,0.0
2024-07-15,8,0.843,0.0,0.157,0.0,2.0,0.0,1.0,0.0
2024-07-15,9,0.285,0.0,0.236,0.479,1.0,0.0,1.0,1.0
2024-07-15,10,0.613,0.0,0.0,0.387,1.0,0.0,0.0,1.0
2024-07-15,11,1.0,0.0,0.0,0.0,1.0,0.0,0.0,0.0
2024-07-15,12,0.646,0.0,0.354,0.0,3.0,0.0,2.0,0.0
2024-07-15,13,0.495,0.118,0.157,0.23,1.0,1.0,1.0,1.0
2024-07-15,14,0.157,0.079,0.364,0.4,2.0,1.0,3.0,2.0
2024-07-15,15,0.026,0.0,0.266,0.708,1.0,0.0,2.0,1.0
2024-07-15,16,1.0,0.0,0.0,0.0,1.0,0.0,0.0,0.0
2024-07-15,17,1.0,0.0,0.0,0.0,1.0,0.0,0.0,0.0
2024-07-15,18,1.0,0.0,0.0,0.0,1.0,0.0,0.0,0.0
2024-07-15,19,0.239,0.0,0.079,0.682,1.0,0.0,1.0,1.0
2024-07-15,20,0.0,0.0,0.275,0.725,0.0,0.0,1.0,2.0
2024-07-15,21,0.0,0.0,0.518,0.482,0.0,0.0,1.0,1.0
2024-07-15,22,0.0,0.0,0.151,0.849,0.0,0.0,1.0,1.0
2024-07-15,23,0.905,0.0,0.0,0.095,1.0,0.0,0.0,2.0
2024-07-16,0,1.0,0.0,0.0,0.0,1.0,0.0,0.0,0.0
2024-07-16,1,0.062,0.0,0.039,0.898,1.0,0.0,1.0,1.0
2024-07-16,2,0.0,0.0,0.511,0.489,0.0,0.0,1.0,2.0
2024-07-16,3,0.0,0.0,0.105,0.895,0.0,0.0,1.0,1.0
2024-07-16,4,0.161,0.0,0.839,0.0,2.0,0.0,2.0,0.0
2024-07-16,5,0.311,0.0,0.118,0.57,1.0,0.0,1.0,1.0
2024-07-16,6,0.823,0.0,0.0,0.177,1.0,0.0,0.0,1.0
2024-07-16,7,1.0,0.0,0.0,0.0,1.0,0.0,0.0,0.0
2024-07-16,8,0.302,0.0,0.659,0.039,2.0,0.0,2.0,1.0
2024-07-16,9,0.4,0.0,0.6,0.0,1.0,0.0,1.0,0.0
2024-07-16,10,1.0,0.0,0.0,0.0,1.0,0.0,0.0,0.0
2024-07-16,11,0.725,0.079,0.197,0.0,2.0,1.0,1.0,0.0
2024-07-16,12,0.095,0.0,0.079,0.826,1.0,0.0,1.0,1.0
2024-07-16,13,0.961,0.039,0.0,0.0,2.0,1.0,0.0,0.0
2024-07-16,14,0.164,0.0,0.561,0.275,2.0,0.0,2.0,1.0
2024-07-16,15,0.223,0.0,0.226,0.551,1.0,0.0,3.0,2.0
2024-07-16,16,1.0,0.0,0.0,0.0,1.0,0.0,0.0,0.0
2024-07-16,17,0.744,0.0,0.256,0.0,1.0,0.0,1.0,0.0
2024-07-16,18,0.157,0.0,0.843,0.0,1.0,0.0,2.0,0.0
2024-07-16,19,0.0,0.0,0.633,0.367,0.0,0.0,1.0,1.0
2024-07-16,20,0.236,0.0,0.393,0.37,1.0,0.0,1.0,2.0
2024-07-16,21,0.518,0.0,0.079,0.403,1.0,0.0,2.0,3.0
2024-07-16,22,0.859,0.0,0.062,0.079,1.0,0.0,2.0,1.0
2024-07-16,23,0.0,0.0,0.37,0.63,1.0,0.0,2.0,1.0
2024-07-17,0,0.764,0.0,0.0,0.236,1.0,0.0,0.0,1.0
2024-07-17,1,0.416,0.0,0.0,0.584,1.0,0.0,0.0,1.0
2024-07-17,2,0.0,0.0,0.472,0.528,0.0,0.0,1.0,2.0
2024-07-17,3,0.0,0.0,0.354,0.646,0.0,0.0,1.0,2.0
2024-07-17,4,0.197,0.0,0.436,0.367,2.0,0.0,2.0,4.0
2024-07-17,5,0.118,0.275,0.311,0.295,1.0,2.0,4.0,2.0
2024-07-17,6,0.548,0.0,0.039,0.413,1.0,0.0,1.0,2.0
2024-07-17,7,0.961,0.039,0.0,0.0,2.0,1.0,0.0,0.0
2024-07-17,8,0.341,0.0,0.659,0.0,1.0,0.0,1.0,0.0
2024-07-17,9,0.597,0.0,0.01,0.393,1.0,0.0,1.0,1.0
2024-07-17,10,0.725,0.0,0.275,0.0,2.0,0.0,1.0,0.0
2024-07-17,11,0.292,0.0,0.157,0.551,1.0,0.0,1.0,1.0
2024-07-17,12,0.646,0.0,0.0,0.354,1.0,0.0,0.0,1.0
2024-07-17,13,0.77,0.0,0.23,0.0,1.0,0.0,1.0,0.0
2024-07-17,14,0.315,0.157,0.085,0.443,1.0,1.0,2.0,1.0
2024-07-17,15,0.459,0.0,0.157,0.384,1.0,0.0,1.0,2.0
2024-07-17,16,1.0,0.0,0.0,0.0,1.0,0.0,0.0,0.0
2024-07-17,17,0.39,0.0,0.492,0.118,1.0,0.0,2.0,1.0
2024-07-17,18,0.826,0.0,0.174,0.0,1.0,0.0,2.0,0.0
2024-07-17,19,0.511,0.0,0.37,0.118,1.0,0.0,3.0,1.0
2024-07-17,20,0.0,0.0,0.066,0.934,0.0,0.0,2.0,2.0
2024-07-17,21,0.0,0.0,0.393,0.607,0.0,0.0,1.0,2.0
2024-07-17,22,0.849,0.0,0.0,0.151,1.0,0.0,0.0,1.0
2024-07-17,23,0.843,0.0,0.079,0.079,1.0,0.0,1.0,2.0
2024-07-18,0,0.0,0.0,0.41,0.59,0.0,0.0,1.0,1.0
2024-07-18,1,0.0,0.0,0.41,0.59,0.0,0.0,2.0,1.0
2024-07-18,2,0.0,0.0,0.243,0.757,0.0,0.0,1.0,1.0
2024-07-18,3,0.039,0.0,0.433,0.528,1.0,0.0,2.0,2.0
2024-07-18,4,0.039,0.0,0.554,0.407,1.0,0.0,2.0,1.0
2024-07-18,5,0.236,0.0,0.43,0.334,2.0,0.0,3.0,1.0
2024-07-18,6,0.233,0.0,0.354,0.413,1.0,0.0,3.0,3.0
2024-07-18,7,0.987,0.0,0.013,0.0,1.0,0.0,1.0,0.0
2024-07-18,8,0.934,0.0,0.066,0.0,1.0,0.0,1.0,0.0
2024-07-18,9,0.207,0.0,0.511,0.282,1.0,0.0,1.0,1.0
2024-07-18,10,0.731,0.0,0.0,0.269,1.0,0.0,0.0,1.0
2024-07-18,11,1.0,0.0,0.0,0.0,1.0,0.0,0.0,0.0
2024-07-18,12,0.708,0.157,0.134,0.0,1.0,1.0,1.0,0.0
2024-07-18,13,0.584,0.0,0.102,0.315,1.0,0.0,1.0,1.0
2024-07-18,14,0.243,0.236,0.521,0.0,1.0,2.0,2.0,0.0
2024-07-18,15,0.039,0.0,0.423,0.538,1.0,0.0,3.0,2.0
2024-07-18,16,0.908,0.0,0.0,0.092,1.0,0.0,0.0,1.0
2024-07-18,17,0.961,0.0,0.039,0.0,2.0,0.0,1.0,0.0
2024-07-18,18,0.413,0.0,0.548,0.039,2.0,0.0,2.0,1.0
2024-07-18,19,0.0,0.0,0.357,0.643,0.0,0.0,5.0,4.0
2024-07-18,20,0.0,0.0,0.59,0.41,0.0,0.0,1.0,2.0
2024-07-18,21,0.793,0.0,0.039,0.167,1.0,0.0,1.0,1.0
2024-07-18,22,0.269,0.0,0.315,0.416,1.0,0.0,2.0,2.0
2024-07-18,23,0.0,0.0,0.748,0.252,0.0,0.0,2.0,4.0
2024-07-19,0,0.0,0.0,0.866,0.134,0.0,0.0,2.0,2.0
2024-07-19,1,0.0,0.0,0.466,0.534,0.0,0.0,1.0,1.0
2024-07-19,2,0.0,0.0,0.715,0.285,0.0,0.0,1.0,1.0
2024-07-19,3,0.0,0.0,0.577,0.423,0.0,0.0,2.0,2.0
2024-07-19,4,0.2,0.0,0.446,0.354,2.0,0.0,3.0,1.0
2024-07-19,5,0.233,0.0,0.472,0.295,2.0,0.0,2.0,1.0
2024-07-19,6,0.508,0.0,0.157,0.334,1.0,0.0,2.0,2.0
2024-07-19,7,1.0,0.0,0.0,0.0,1.0,0.0,0.0,0.0
2024-07-19,8,0.852,0.0,0.148,0.0,1.0,0.0,1.0,0.0
2024-07-19,9,0.197,0.0,0.646,0.157,1.0,0.0,3.0,1.0
2024-07-19,10,0.81,0.0,0.151,0.039,2.0,0.0,1.0,1.0
2024-07-19,11,0.882,0.0,0.118,0.0,1.0,0.0,1.0,0.0
2024-07-19,12,0.0,0.0,1.0,0.0,0.0,0.0,1.0,0.0
2024-07-19,13,0.19,0.0,0.298,0.511,2.0,0.0,2.0,1.0
2024-07-19,14,0.164,0.0,0.836,0.0,2.0,0.0,2.0,0.0
2024-07-19,15,0.184,0.0,0.62,0.197,1.0,0.0,3.0,2.0
2024-07-19,16,1.0,0.0,0.0,0.0,1.0,0.0,0.0,0.0
2024-07-19,17,1.0,0.0,0.0,0.0,1.0,0.0,0.0,0.0
2024-07-19,18,0.846,0.0,0.154,0.0,2.0,0.0,2.0,0.0
2024-07-19,19,0.013,0.0,0.475,0.511,1.0,0.0,1.0,1.0
2024-07-19,20,1.0,0.0,0.0,0.0,1.0,0.0,0.0,0.0
2024-07-19,21,0.049,0.0,0.118,0.833,1.0,0.0,1.0,1.0
2024-07-19,22,0.354,0.0,0.416,0.23,1.0,0.0,3.0,2.0
2024-07-19,23,0.472,0.0,0.292,0.236,2.0,0.0,5.0,1.0
2024-07-20,0,0.0,0.0,0.433,0.567,0.0,0.0,2.0,2.0
2024-07-20,1,0.0,0.0,0.787,0.213,0.0,0.0,2.0,3.0
2024-07-20,2,0.0,0.0,0.167,0.833,0.0,0.0,1.0,2.0
2024-07-20,3,0.0,0.0,0.816,0.184,0.0,0.0,1.0,1.0
2024-07-20,4,0.118,0.0,0.357,0.525,1.0,0.0,2.0,1.0
2024-07-20,5,0.079,0.0,0.921,0.0,2.0,0.0,3.0,0.0
2024-07-20,6,0.0,0.0,0.689,0.311,0.0,0.0,2.0,2.0
2024-07-20,7,0.446,0.0,0.315,0.239,1.0,0.0,1.0,1.0
2024-07-20,8,1.0,0.0,0.0,0.0,1.0,0.0,0.0,0.0
2024-07-20,9,1.0,0.0,0.0,0.0,1.0,0.0,0.0,0.0
2024-07-20,10,0.348,0.0,0.511,0.141,1.0,0.0,1.0,1.0
2024-07-20,11,0.157,0.0,0.59,0.252,1.0,0.0,2.0,2.0
2024-07-20,12,1.0,0.0,0.0,0.0,1.0,0.0,0.0,0.0
2024-07-20,13,0.574,0.197,0.23,0.0,2.0,1.0,2.0,0.0
2024-07-20,14,0.0,0.0,0.203,0.797,0.0,0.0,1.0,1.0
2024-07-20,15,0.892,0.0,0.0,0.108,1.0,0.0,0.0,1.0
2024-07-20,16,1.0,0.0,0.0,0.0,1.0,0.0,0.0,0.0
2024-07-20,17,0.961,0.0,0.039,0.0,2.0,0.0,1.0,0.0
2024-07-20,18,0.57,0.0,0.079,0.351,2.0,0.0,2.0,1.0
2024-07-20,19,0.0,0.0,0.708,0.292,0.0,0.0,1.0,2.0
2024-07-20,20,0.266,0.0,0.118,0.616,2.0,0.0,3.0,2.0
2024-07-20,21,0.993,0.0,0.0,0.007,1.0,0.0,0.0,1.0
2024-07-20,22,0.0,0.0,0.0,1.0,0.0,0.0,0.0,1.0
2024-07-20,23,0.236,0.0,0.63,0.134,1.0,0.0,2.0,1.0
2024-07-21,0,0.905,0.0,0.095,0.0,1.0,0.0,1.0,0.0
2024-07-21,1,0.0,0.0,0.607,0.393,0.0,0.0,4.0,3.0
2024-07-21,2,0.0,0.0,0.597,0.403,0.0,0.0,1.0,1.0
2024-07-21,3,0.0,0.0,0.538,0.462,0.0,0.0,1.0,1.0
2024-07-21,4,0.0,0.0,0.131,0.869,0.0,0.0,1.0,1.0
2024-07-21,5,0.118,0.0,0.256,0.626,1.0,0.0,2.0,1.0
2024-07-21,6,0.0,0.0,1.0,0.0,0.0,0.0,1.0,0.0
2024-07-21,7,0.839,0.0,0.043,0.118,1.0,0.0,1.0,1.0
2024-07-21,8,0.892,0.0,0.108,0.0,1.0,0.0,1.0,0.0
2024-07-21,9,0.361,0.0,0.639,0.0,1.0,0.0,1.0,0.0
2024-07-21,10,1.0,0.0,0.0,0.0,1.0,0.0,0.0,0.0
2024-07-21,11,1.0,0.0,0.0,0.0,1.0,0.0,0.0,0.0
2024-07-21,12,0.567,0.039,0.118,0.275,3.0,1.0,1.0,1.0
2024-07-21,13,0.141,0.275,0.466,0.118,2.0,1.0,2.0,1.0
2024-07-21,14,0.0,0.0,0.646,0.354,0.0,0.0,3.0,2.0
2024-07-21,15,0.852,0.0,0.108,0.039,1.0,0.0,2.0,1.0
2024-07-21,16,1.0,0.0,0.0,0.0,1.0,0.0,0.0,0.0
2024-07-21,17,1.0,0.0,0.0,0.0,1.0,0.0,0.0,0.0
2024-07-21,18,0.531,0.0,0.236,0.233,2.0,0.0,2.0,1.0
2024-07-21,19,0.0,0.0,0.315,0.685,0.0,0.0,2.0,3.0
2024-07-21,20,0.0,0.0,0.511,0.489,0.0,0.0,1.0,2.0
2024-07-21,21,0.321,0.0,0.0,0.679,1.0,0.0,0.0,1.0
2024-07-21,22,1.0,0.0,0.0,0.0,1.0,0.0,0.0,0.0
2024-07-21,23,0.331,0.0,0.157,0.511,2.0,0.0,1.0,1.0
2024-07-22,0,0.0,0.0,0.331,0.669,0.0,0.0,1.0,1.0
2024-07-22,1,0.275,0.0,0.567,0.157,1.0,0.0,3.0,1.0
2024-07-22,2,0.0,0.0,0.439,0.561,0.0,0.0,2.0,2.0
2024-07-22,3,0.0,0.0,0.616,0.384,0.0,0.0,1.0,1.0
2024-07-22,4,0.079,0.0,0.37,0.551,1.0,0.0,2.0,1.0
2024-07-22,5,0.118,0.0,0.862,0.02,2.0,0.0,3.0,1.0
2024-07-22,6,0.508,0.0,0.079,0.413,1.0,0.0,2.0,2.0
2024-07-22,7,1.0,0.0,0.0,0.0,1.0,0.0,0.0,0.0
2024-07-22,8,1.0,0.0,0.0,0.0,1.0,0.0,0.0,0.0
2024-07-22,9,0.489,0.0,0.511,0.0,2.0,0.0,1.0,0.0
2024-07-22,10,1.0,0.0,0.0,0.0,1.0,0.0,0.0,0.0
2024-07-22,11,0.725,0.0,0.197,0.079,1.0,0.0,1.0,1.0
2024-07-22,12,0.449,0.0,0.039,0.511,1.0,0.0,1.0,1.0
2024-07-22,13,0.882,0.0,0.118,0.0,3.0,0.0,2.0,0.0
2024-07-22,14,0.085,0.0,0.207,0.708,2.0,0.0,2.0,1.0
2024-07-22,15,0.066,0.0,0.502,0.433,1.0,0.0,5.0,4.0
2024-07-22,16,1.0,0.0,0.0,0.0,1.0,0.0,0.0,0.0
2024-07-22,17,1.0,0.0,0.0,0.0,1.0,0.0,0.0,0.0
2024-07-22,18,0.61,0.0,0.118,0.272,1.0,0.0,1.0,1.0
2024-07-22,19,0.0,0.0,0.328,0.672,0.0,0.0,2.0,2.0
2024-07-22,20,0.0,0.0,0.685,0.315,0.0,0.0,2.0,1.0
2024-07-22,21,0.4,0.0,0.01,0.59,1.0,0.0,1.0,1.0
2024-07-22,22,1.0,0.0,0.0,0.0,1.0,0.0,0.0,0.0
2024-07-22,23,0.213,0.0,0.0,0.787,1.0,0.0,0.0,2.0
2024-07-23,0,0.016,0.0,0.079,0.905,1.0,0.0,1.0,1.0
2024-07-23,1,0.849,0.0,0.151,0.0,1.0,0.0,1.0,0.0
2024-07-23,2,0.0,0.0,0.41,0.59,0.0,0.0,2.0,1.0
2024-07-23,3,0.0,0.0,0.226,0.774,0.0,0.0,1.0,1.0
2024-07-23,4,0.157,0.0,0.79,0.052,1.0,0.0,2.0,1.0
2024-07-23,5,0.0,0.0,0.233,0.767,0.0,0.0,1.0,1.0
2024-07-23,6,0.311,0.0,0.433,0.256,2.0,0.0,2.0,1.0
2024-07-23,7,0.672,0.0,0.315,0.013,1.0,0.0,1.0,1.0
2024-07-23,8,0.0,0.0,0.384,0.616,0.0,0.0,1.0,1.0
2024-07-23,9,0.872,0.0,0.128,0.0,1.0,0.0,1.0,0.0
2024-07-23,10,0.882,0.039,0.079,0.0,3.0,1.0,1.0,0.0
2024-07-23,11,0.921,0.0,0.079,0.0,3.0,0.0,2.0,0.0
2024-07-23,12,0.354,0.0,0.079,0.567,1.0,0.0,1.0,1.0
2024-07-23,13,0.0,0.0,0.308,0.692,0.0,0.0,1.0,1.0
2024-07-23,14,0.354,0.0,0.439,0.207,1.0,0.0,2.0,1.0
2024-07-23,15,0.315,0.0,0.38,0.305,1.0,0.0,2.0,1.0
2024-07-23,16,0.397,0.0,0.485,0.118,2.0,0.0,2.0,1.0
2024-07-23,17,1.0,0.0,0.0,0.0,1.0,0.0,0.0,0.0
2024-07-23,18,0.885,0.0,0.115,0.0,1.0,0.0,1.0,0.0
2024-07-23,19,0.039,0.0,0.318,0.643,1.0,0.0,2.0,1.0
2024-07-23,20,0.0,0.0,0.266,0.734,0.0,0.0,1.0,1.0
2024-07-23,21,0.203,0.0,0.403,0.393,1.0,0.0,1.0,1.0
2024-07-23,22,0.072,0.551,0.377,0.0,2.0,4.0,3.0,0.0
2024-07-23,23,0.0,0.0,0.174,0.826,0.0,0.0,3.0,4.0
2024-07-24,0,0.646,0.0,0.275,0.079,1.0,0.0,1.0,1.0
2024-07-24,1,0.81,0.0,0.039,0.151,1.0,0.0,1.0,1.0
2024-07-24,2,0.0,0.0,0.246,0.754,0.0,0.0,2.0,2.0
2024-07-24,3,0.0,0.0,0.489,0.511,0.0,0.0,3.0,2.0
2024-07-24,4,0.118,0.0,0.41,0.472,1.0,0.0,4.0,3.0
2024-07-24,5,0.039,0.0,0.941,0.02,1.0,0.0,2.0,1.0
2024-07-24,6,0.39,0.0,0.0,0.61,1.0,0.0,0.0,1.0
2024-07-24,7,1.0,0.0,0.0,0.0,1.0,0.0,0.0,0.0
2024-07-24,8,1.0,0.0,0.0,0.0,1.0,0.0,0.0,0.0
2024-07-24,9,0.679,0.0,0.236,0.085,1.0,0.0,1.0,1.0
2024-07-24,10,0.338,0.0,0.079,0.584,1.0,0.0,1.0,1.0
2024-07-24,11,1.0,0.0,0.0,0.0,1.0,0.0,0.0,0.0
2024-07-24,12,0.095,0.551,0.354,0.0,2.0,2.0,2.0,0.0
2024-07-24,13,1.0,0.0,0.0,0.0,1.0,0.0,0.0,0.0
2024-07-24,14,0.439,0.0,0.236,0.325,2.0,0.0,2.0,1.0
2024-07-24,15,0.0,0.0,0.0,1.0,0.0,0.0,0.0,1.0
2024-07-24,16,0.672,0.0,0.039,0.289,1.0,0.0,1.0,1.0
2024-07-24,17,1.0,0.0,0.0,0.0,1.0,0.0,0.0,0.0
2024-07-24,18,1.0,0.0,0.0,0.0,1.0,0.0,0.0,0.0
2024-07-24,19,0.318,0.0,0.0,0.682,1.0,0.0,0.0,1.0
2024-07-24,20,0.03,0.0,0.354,0.616,1.0,0.0,1.0,1.0
2024-07-24,21,0.6,0.0,0.0,0.4,1.0,0.0,0.0,1.0
2024-07-24,22,0.0,0.0,0.298,0.702,0.0,0.0,1.0,1.0
2024-07-24,23,0.984,0.0,0.016,0.0,1.0,0.0,1.0,1.0
2024-07-25,0,0.472,0.0,0.039,0.489,1.0,0.0,1.0,1.0
2024-07-25,1,0.0,0.0,0.348,0.652,0.0,0.0,1.0,1.0
2024-07-25,2,0.0,0.0,0.361,0.639,0.0,0.0,1.0,1.0
2024-07-25,3,0.0,0.0,0.066,0.934,0.0,0.0,1.0,1.0
2024-07-25,4,0.275,0.0,0.449,0.275,1.0,0.0,2.0,1.0
2024-07-25,5,0.118,0.0,0.508,0.374,1.0,0.0,2.0,1.0
2024-07-25,6,0.036,0.0,0.039,0.925,1.0,0.0,1.0,1.0
2024-07-25,7,1.0,0.0,0.0,0.0,1.0,0.0,0.0,0.0
2024-07-25,8,1.0,0.0,0.0,0.0,1.0,0.0,0.0,0.0
2024-07-25,9,0.993,0.0,0.007,0.0,1.0,0.0,1.0,0.0
2024-07-25,10,0.0,0.0,0.78,0.22,0.0,0.0,1.0,1.0
2024-07-25,11,0.787,0.0,0.039,0.174,1.0,0.0,1.0,1.0
2024-07-25,12,0.826,0.0,0.174,0.0,1.0,0.0,1.0,0.0
2024-07-25,13,0.348,0.0,0.141,0.511,1.0,0.0,1.0,1.0
2024-07-25,14,0.449,0.0,0.551,0.0,3.0,0.0,2.0,0.0
2024-07-25,15,0.095,0.0,0.275,0.63,2.0,0.0,1.0,1.0
2024-07-25,16,0.41,0.039,0.393,0.157,3.0,1.0,1.0,1.0
2024-07-25,17,1.0,0.0,0.0,0.0,1.0,0.0,0.0,0.0
2024-07-25,18,1.0,0.0,0.0,0.0,1.0,0.0,0.0,0.0
2024-07-25,19,0.239,0.0,0.393,0.367,1.0,0.0,1.0,1.0
2024-07-25,20,0.0,0.0,0.63,0.37,0.0,0.0,1.0,2.0
2024-07-25,21,0.0,0.0,0.079,0.921,0.0,0.0,1.0,2.0
2024-07-25,22,0.0,0.0,0.669,0.331,0.0,0.0,1.0,2.0
2024-07-25,23,0.0,0.0,0.393,0.607,1.0,0.0,1.0,1.0
2024-07-26,0,0.292,0.0,0.354,0.354,2.0,0.0,2.0,1.0
2024-07-26,1,0.574,0.0,0.426,0.0,1.0,0.0,1.0,0.0
2024-07-26,2,0.0,0.0,0.203,0.797,0.0,0.0,2.0,2.0
2024-07-26,3,0.0,0.0,0.42,0.58,0.0,0.0,1.0,1.0
2024-07-26,4,0.236,0.0,0.489,0.275,1.0,0.0,2.0,1.0
2024-07-26,5,0.157,0.0,0.843,0.0,1.0,0.0,2.0,0.0
2024-07-26,6,0.233,0.0,0.138,0.63,1.0,0.0,1.0,1.0
2024-07-26,7,1.0,0.0,0.0,0.0,1.0,0.0,0.0,0.0
2024-07-26,8,0.695,0.0,0.305,0.0,1.0,0.0,1.0,0.0
2024-07-26,9,0.4,0.236,0.364,0.0,1.0,2.0,2.0,0.0
2024-07-26,10,1.0,0.0,0.0,0.0,1.0,0.0,0.0,0.0
2024-07-26,11,0.843,0.0,0.118,0.039,1.0,0.0,1.0,1.0
2024-07-26,12,0.0,0.0,0.039,0.961,0.0,0.0,1.0,2.0
2024-07-26,13,0.662,0.0,0.0,0.338,1.0,0.0,0.0,1.0
2024-07-26,14,0.164,0.0,0.836,0.0,2.0,0.0,2.0,0.0
2024-07-26,15,0.498,0.0,0.226,0.275,1.0,0.0,2.0,1.0
2024-07-26,16,1.0,0.0,0.0,0.0,1.0,0.0,0.0,0.0
2024-07-26,17,1.0,0.0,0.0,0.0,1.0,0.0,0.0,0.0
2024-07-26,18,0.964,0.0,0.036,0.0,1.0,0.0,1.0,0.0
2024-07-26,19,0.0,0.0,0.475,0.525,0.0,0.0,1.0,1.0
2024-07-26,20,0.0,0.0,0.511,0.489,0.0,0.0,1.0,2.0
2024-07-26,21,0.4,0.0,0.0,0.6,1.0,0.0,0.0,1.0
2024-07-26,22,0.82,0.0,0.039,0.141,1.0,0.0,1.0,1.0
2024-07-26,23,0.0,0.0,0.551,0.449,0.0,0.0,3.0,2.0
2024-07-27,0,0.0,0.0,0.41,0.59,0.0,0.0,2.0,1.0
2024-07-27,1,0.0,0.0,0.377,0.623,0.0,0.0,1.0,1.0
2024-07-27,2,0.0,0.0,0.246,0.754,0.0,0.0,2.0,2.0
2024-07-27,3,0.0,0.0,0.607,0.393,0.0,0.0,2.0,1.0
2024-07-27,4,0.197,0.0,0.803,0.0,1.0,0.0,2.0,0.0
2024-07-27,5,0.197,0.0,0.252,0.551,1.0,0.0,2.0,1.0
2024-07-27,6,0.154,0.0,0.846,0.0,1.0,0.0,1.0,0.0
2024-07-27,7,1.0,0.0,0.0,0.0,1.0,0.0,0.0,0.0
2024-07-27,8,1.0,0.0,0.0,0.0,1.0,0.0,0.0,0.0
2024-07-27,9,1.0,0.0,0.0,0.0,1.0,0.0,0.0,0.0
2024-07-27,10,0.544,0.0,0.079,0.377,1.0,0.0,1.0,2.0
2024-07-27,11,0.0,0.0,0.118,0.882,0.0,0.0,1.0,3.0
2024-07-27,12,0.921,0.0,0.0,0.079,1.0,0.0,0.0,1.0
2024-07-27,13,0.528,0.0,0.472,0.0,2.0,0.0,1.0,0.0
2024-07-27,14,0.046,0.197,0.354,0.403,1.0,2.0,3.0,1.0
2024-07-27,15,0.079,0.039,0.459,0.423,1.0,1.0,2.0,2.0
2024-07-27,16,0.83,0.0,0.013,0.157,1.0,0.0,1.0,1.0
2024-07-27,17,1.0,0.0,0.0,0.0,1.0,0.0,0.0,0.0
2024-07-27,18,1.0,0.0,0.0,0.0,1.0,0.0,0.0,0.0
2024-07-27,19,0.357,0.0,0.118,0.525,1.0,0.0,1.0,1.0
2024-07-27,20,0.0,0.0,0.384,0.616,0.0,0.0,1.0,1.0
2024-07-27,21,0.0,0.0,0.167,0.833,0.0,0.0,2.0,2.0
2024-07-27,22,0.338,0.0,0.197,0.466,1.0,0.0,1.0,1.0
2024-07-27,23,0.803,0.0,0.118,0.079,1.0,0.0,2.0,1.0
2024-07-28,0,0.0,0.0,0.252,0.748,0.0,0.0,1.0,1.0
2024-07-28,1,0.0,0.0,0.338,0.662,0.0,0.0,2.0,2.0
2024-07-28,2,0.0,0.0,0.748,0.252,0.0,0.0,1.0,2.0
2024-07-28,3,0.0,0.0,0.0,1.0,0.0,0.0,0.0,1.0
2024-07-28,4,0.197,0.0,0.121,0.682,1.0,0.0,2.0,1.0
2024-07-28,5,0.039,0.0,0.961,0.0,1.0,0.0,2.0,0.0
2024-07-28,6,0.0,0.0,0.449,0.551,0.0,0.0,4.0,3.0
2024-07-28,7,0.839,0.0,0.161,0.0,1.0,0.0,1.0,0.0
2024-07-28,8,1.0,0.0,0.0,0.0,1.0,0.0,0.0,0.0
2024-07-28,9,1.0,0.0,0.0,0.0,1.0,0.0,0.0,0.0
2024-07-28,10,0.843,0.0,0.157,0.0,2.0,0.0,1.0,0.0
2024-07-28,11,0.725,0.0,0.079,0.197,1.0,0.0,1.0,1.0
2024-07-28,12,0.213,0.0,0.0,0.787,1.0,0.0,0.0,1.0
2024-07-28,13,0.77,0.111,0.118,0.0,3.0,1.0,2.0,0.0
2024-07-28,14,0.0,0.282,0.354,0.364,0.0,2.0,2.0,1.0
2024-07-28,15,0.105,0.079,0.236,0.58,2.0,1.0,1.0,1.0
2024-07-28,16,1.0,0.0,0.0,0.0,1.0,0.0,0.0,0.0
2024-07-28,17,1.0,0.0,0.0,0.0,1.0,0.0,0.0,0.0
2024-07-28,18,1.0,0.0,0.0,0.0,1.0,0.0,0.0,0.0
2024-07-28,19,0.2,0.0,0.63,0.17,1.0,0.0,2.0,2.0
2024-07-28,20,0.0,0.0,0.0,1.0,0.0,0.0,0.0,1.0
2024-07-28,21,0.0,0.0,0.551,0.449,0.0,0.0,1.0,2.0
2024-07-28,22,0.023,0.0,0.0,0.977,1.0,0.0,0.0,1.0
2024-07-28,23,1.0,0.0,0.0,0.0,1.0,0.0,0.0,1.0
2024-07-29,0,0.748,0.0,0.118,0.134,1.0,0.0,1.0,1.0
2024-07-29,1,0.0,0.0,0.354,0.646,0.0,0.0,1.0,2.0
2024-07-29,2,0.0,0.0,0.0,1.0,0.0,0.0,0.0,2.0
2024-07-29,3,0.0,0.0,0.59,0.41,0.0,0.0,1.0,2.0
2024-07-29,4,0.236,0.0,0.2,0.564,1.0,0.0,2.0,1.0
2024-07-29,5,0.157,0.0,0.823,0.02,2.0,0.0,3.0,1.0
2024-07-29,6,0.036,0.0,0.63,0.334,1.0,0.0,2.0,2.0
2024-07-29,7,1.0,0.0,0.0,0.0,1.0,0.0,0.0,0.0
2024-07-29,8,1.0,0.0,0.0,0.0,1.0,0.0,0.0,0.0
2024-07-29,9,1.0,0.0,0.0,0.0,1.0,0.0,0.0,0.0
2024-07-29,10,0.269,0.0,0.377,0.354,2.0,0.0,2.0,1.0
2024-07-29,11,0.0,0.0,0.134,0.866,0.0,0.0,1.0,1.0
2024-07-29,12,0.685,0.0,0.0,0.315,1.0,0.0,0.0,1.0
2024-07-29,13,0.725,0.0,0.197,0.079,4.0,0.0,2.0,2.0
2024-07-29,14,0.085,0.236,0.482,0.197,2.0,1.0,4.0,2.0
2024-07-29,15,0.118,0.0,0.777,0.105,1.0,0.0,3.0,2.0
2024-07-29,16,0.79,0.0,0.0,0.21,1.0,0.0,0.0,1.0
2024-07-29,17,1.0,0.0,0.0,0.0,1.0,0.0,0.0,0.0
2024-07-29,18,0.961,0.0,0.039,0.0,2.0,0.0,1.0,0.0
2024-07-29,19,0.003,0.0,0.157,0.839,1.0,0.0,1.0,1.0
2024-07-29,20,0.0,0.0,0.551,0.449,0.0,0.0,1.0,2.0
2024-07-29,21,0.361,0.0,0.197,0.443,1.0,0.0,3.0,3.0
2024-07-29,22,1.0,0.0,0.0,0.0,1.0,0.0,0.0,0.0
2024-07-29,23,0.764,0.0,0.0,0.236,2.0,0.0,0.0,1.0
2024-08-03,0,0.63,0.0,0.039,0.331,1.0,0.0,1.0,1.0
2024-08-03,1,0.0,0.0,0.151,0.849,0.0,0.0,1.0,1.0
2024-08-03,2,0.0,0.0,0.557,0.443,0.0,0.0,1.0,1.0
2024-08-03,3,0.0,0.0,0.38,0.62,0.0,0.0,1.0,1.0
2024-08-03,4,0.0,0.0,0.407,0.593,0.0,0.0,1.0,1.0
2024-08-03,5,0.492,0.0,0.157,0.351,1.0,0.0,2.0,3.0
2024-08-03,6,0.492,0.0,0.508,0.0,1.0,0.0,1.0,0.0
2024-08-03,7,0.603,0.0,0.161,0.236,1.0,0.0,1.0,1.0
2024-08-03,8,1.0,0.0,0.0,0.0,1.0,0.0,0.0,0.0
2024-08-03,9,0.757,0.0,0.243,0.0,1.0,0.0,1.0,0.0
2024-08-03,10,0.259,0.0,0.623,0.118,1.0,0.0,1.0,1.0
2024-08-03,11,0.528,0.0,0.354,0.118,1.0,0.0,3.0,2.0
2024-08-03,12,0.787,0.0,0.213,0.0,1.0,0.0,2.0,0.0
2024-08-03,13,0.111,0.0,0.377,0.511,2.0,0.0,2.0,1.0
2024-08-03,14,0.085,0.079,0.679,0.157,2.0,2.0,4.0,1.0
2024-08-03,15,0.538,0.0,0.384,0.079,1.0,0.0,1.0,1.0
2024-08-03,16,1.0,0.0,0.0,0.0,1.0,0.0,0.0,0.0
2024-08-03,17,1.0,0.0,0.0,0.0,2.0,0.0,0.0,0.0
2024-08-03,18,0.767,0.0,0.0,0.233,1.0,0.0,0.0,1.0
2024-08-03,19,0.0,0.0,0.289,0.711,0.0,0.0,2.0,2.0
2024-08-03,20,0.03,0.0,0.066,0.905,1.0,0.0,1.0,1.0
2024-08-03,21,0.915,0.0,0.0,0.085,1.0,0.0,0.0,1.0
2024-08-03,22,0.0,0.0,0.102,0.898,0.0,0.0,2.0,2.0
2024-08-03,23,0.0,0.0,0.528,0.472,1.0,0.0,1.0,1.0
2024-08-04,0,0.0,0.0,0.449,0.551,0.0,0.0,2.0,2.0
2024-08-04,1,0.0,0.0,0.18,0.82,0.0,0.0,1.0,1.0
2024-08-04,2,0.0,0.0,0.915,0.085,0.0,0.0,3.0,2.0
2024-08-04,3,0.0,0.0,0.331,0.669,0.0,0.0,2.0,1.0
2024-08-04,4,0.0,0.0,0.997,0.003,0.0,0.0,1.0,1.0
2024-08-04,5,0.315,0.0,0.413,0.272,1.0,0.0,2.0,1.0
2024-08-04,6,0.0,0.0,0.452,0.548,0.0,0.0,1.0,1.0
2024-08-04,7,0.407,0.0,0.59,0.003,1.0,0.0,1.0,1.0
2024-08-04,8,1.0,0.0,0.0,0.0,1.0,0.0,0.0,0.0
2024-08-04,9,0.921,0.0,0.079,0.0,2.0,0.0,1.0,0.0
2024-08-04,10,0.033,0.0,0.377,0.59,1.0,0.0,2.0,1.0
2024-08-04,11,0.708,0.0,0.174,0.118,1.0,0.0,2.0,1.0
2024-08-04,12,0.669,0.0,0.236,0.095,1.0,0.0,1.0,1.0
2024-08-04,13,0.59,0.0,0.348,0.062,2.0,0.0,3.0,2.0
2024-08-04,14,0.039,0.0,0.125,0.836,1.0,0.0,1.0,2.0
2024-08-04,15,0.577,0.0,0.393,0.03,1.0,0.0,1.0,1.0
2024-08-04,16,1.0,0.0,0.0,0.0,1.0,0.0,0.0,0.0
2024-08-04,17,1.0,0.0,0.0,0.0,1.0,0.0,0.0,0.0
2024-08-04,18,0.885,0.0,0.0,0.115,1.0,0.0,0.0,1.0
2024-08-04,19,0.0,0.0,0.013,0.987,0.0,0.0,1.0,1.0
2024-08-04,20,0.0,0.0,0.341,0.659,0.0,0.0,1.0,1.0
2024-08-04,21,0.911,0.0,0.0,0.089,1.0,0.0,0.0,1.0
2024-08-04,22,0.111,0.0,0.118,0.77,1.0,0.0,1.0,1.0
2024-08-04,23,0.079,0.0,0.551,0.37,1.0,0.0,1.0,2.0
2024-08-05,0,0.0,0.0,0.174,0.826,0.0,0.0,2.0,1.0
2024-08-05,1,0.0,0.0,0.613,0.387,0.0,0.0,1.0,1.0
2024-08-05,2,0.0,0.0,0.0,1.0,0.0,0.0,0.0,1.0
2024-08-05,3,0.0,0.0,0.931,0.069,0.0,0.0,1.0,1.0
2024-08-05,4,0.157,0.0,0.607,0.236,1.0,0.0,2.0,1.0
2024-08-05,5,0.0,0.0,0.862,0.138,0.0,0.0,2.0,2.0
2024-08-05,6,0.115,0.0,0.748,0.138,1.0,0.0,2.0,2.0
2024-08-05,7,1.0,0.0,0.0,0.0,1.0,0.0,0.0,0.0
2024-08-05,8,1.0,0.0,0.0,0.0,1.0,0.0,0.0,0.0
2024-08-05,9,1.0,0.0,0.0,0.0,1.0,0.0,0.0,0.0
2024-08-05,10,0.544,0.0,0.275,0.18,1.0,0.0,1.0,1.0
2024-08-05,11,0.511,0.0,0.0,0.489,1.0,0.0,0.0,1.0
2024-08-05,12,0.921,0.039,0.039,0.0,3.0,1.0,1.0,0.0
2024-08-05,13,0.062,0.0,0.472,0.466,1.0,0.0,1.0,1.0
2024-08-05,14,0.354,0.0,0.521,0.125,2.0,0.0,2.0,2.0
2024-08-05,15,0.0,0.0,0.069,0.931,0.0,0.0,1.0,1.0
2024-08-05,16,0.83,0.0,0.0,0.17,1.0,0.0,0.0,1.0
2024-08-05,17,1.0,0.0,0.0,0.0,1.0,0.0,0.0,0.0
2024-08-05,18,0.689,0.0,0.236,0.075,2.0,0.0,2.0,1.0
2024-08-05,19,0.249,0.0,0.118,0.633,1.0,0.0,2.0,2.0
2024-08-05,20,0.223,0.0,0.157,0.62,1.0,0.0,1.0,1.0
2024-08-05,21,0.0,0.0,0.636,0.364,0.0,0.0,1.0,1.0
2024-08-05,22,0.0,0.0,0.269,0.731,0.0,0.0,3.0,3.0
2024-08-05,23,0.0,0.0,0.944,0.056,0.0,0.0,2.0,1.0
2024-08-06,0,0.449,0.0,0.315,0.236,1.0,0.0,2.0,1.0
2024-08-06,1,0.613,0.0,0.315,0.072,1.0,0.0,1.0,1.0
2024-08-06,2,0.0,0.0,0.128,0.872,0.0,0.0,3.0,3.0
2024-08-06,3,0.0,0.0,0.541,0.459,0.0,0.0,1.0,1.0
2024-08-06,4,0.118,0.0,0.633,0.249,1.0,0.0,3.0,2.0
2024-08-06,5,0.039,0.0,0.902,0.059,1.0,0.0,2.0,1.0
2024-08-06,6,0.233,0.0,0.157,0.61,1.0,0.0,1.0,1.0
2024-08-06,7,1.0,0.0,0.0,0.0,1.0,0.0,0.0,0.0
2024-08-06,8,1.0,0.0,0.0,0.0,1.0,0.0,0.0,0.0
2024-08-06,9,0.875,0.0,0.125,0.0,1.0,0.0,1.0,0.0
2024-08-06,10,0.22,0.0,0.348,0.433,1.0,0.0,1.0,1.0
2024-08-06,11,1.0,0.0,0.0,0.0,1.0,0.0,0.0,0.0
2024-08-06,12,0.528,0.0,0.157,0.315,3.0,0.0,2.0,1.0
2024-08-06,13,0.77,0.0,0.23,0.0,2.0,0.0,2.0,0.0
2024-08-06,14,0.118,0.118,0.636,0.128,2.0,1.0,3.0,1.0
2024-08-06,15,0.184,0.0,0.354,0.462,2.0,0.0,1.0,1.0
2024-08-06,16,1.0,0.0,0.0,0.0,1.0,0.0,0.0,0.0
2024-08-06,17,1.0,0.0,0.0,0.0,1.0,0.0,0.0,0.0
2024-08-06,18,0.61,0.0,0.39,0.0,1.0,0.0,1.0,0.0
2024-08-06,19,0.0,0.0,0.37,0.63,0.0,0.0,3.0,2.0
2024-08-06,20,0.0,0.0,0.774,0.226,0.0,0.0,1.0,1.0
2024-08-06,21,0.0,0.0,0.085,0.915,0.0,0.0,1.0,1.0
2024-08-06,22,0.0,0.0,0.387,0.613,0.0,0.0,1.0,1.0
2024-08-06,23,0.0,0.0,0.551,0.449,0.0,0.0,2.0,2.0
2024-08-07,0,0.0,0.0,0.607,0.393,0.0,0.0,1.0,1.0
2024-08-07,1,0.0,0.0,0.41,0.59,0.0,0.0,2.0,1.0
2024-08-07,2,0.0,0.0,0.715,0.285,0.0,0.0,1.0,1.0
2024-08-07,3,0.0,0.0,0.039,0.961,0.0,0.0,1.0,2.0
2024-08-07,4,0.121,0.0,0.787,0.092,2.0,0.0,2.0,1.0
2024-08-07,5,0.115,0.0,0.885,0.0,2.0,0.0,2.0,0.0
2024-08-07,6,0.39,0.0,0.61,0.0,1.0,0.0,1.0,0.0
2024-08-07,7,1.0,0.0,0.0,0.0,1.0,0.0,0.0,0.0
2024-08-07,8,1.0,0.0,0.0,0.0,1.0,0.0,0.0,0.0
2024-08-07,9,0.843,0.0,0.157,0.0,3.0,0.0,2.0,0.0
2024-08-07,10,1.0,0.0,0.0,0.0,1.0,0.0,0.0,0.0
2024-08-07,11,0.803,0.118,0.079,0.0,1.0,1.0,1.0,0.0
2024-08-07,12,0.118,0.079,0.275,0.528,1.0,2.0,1.0,1.0
2024-08-07,13,0.898,0.0,0.039,0.062,1.0,0.0,1.0,1.0
2024-08-07,14,0.085,0.0,0.59,0.325,2.0,0.0,2.0,2.0
2024-08-07,15,0.105,0.0,0.236,0.659,1.0,0.0,2.0,3.0
2024-08-07,16,1.0,0.0,0.0,0.0,1.0,0.0,0.0,0.0
2024-08-07,17,1.0,0.0,0.0,0.0,1.0,0.0,0.0,0.0
2024-08-07,18,1.0,0.0,0.0,0.0,1.0,0.0,0.0,0.0
2024-08-07,19,0.397,0.118,0.118,0.367,1.0,1.0,1.0,1.0
2024-08-07,20,0.0,0.0,0.315,0.685,0.0,0.0,1.0,2.0
2024-08-07,21,0.0,0.0,0.361,0.639,0.0,0.0,1.0,1.0
2024-08-07,22,0.849,0.0,0.151,0.0,1.0,0.0,1.0,0.0
2024-08-07,23,0.449,0.0,0.0,0.551,1.0,0.0,0.0,2.0
2024-08-08,0,0.0,0.0,0.039,0.961,0.0,0.0,1.0,2.0
2024-08-08,1,0.118,0.0,0.466,0.416,1.0,0.0,2.0,1.0
2024-08-08,2,0.0,0.0,0.125,0.875,0.0,0.0,1.0,1.0
2024-08-08,3,0.0,0.0,0.079,0.921,0.0,0.0,2.0,3.0
2024-08-08,4,0.118,0.0,0.869,0.013,1.0,0.0,2.0,1.0
2024-08-08,5,0.039,0.0,0.43,0.531,1.0,0.0,2.0,2.0
2024-08-08,6,0.154,0.0,0.787,0.059,1.0,0.0,1.0,1.0
2024-08-08,7,1.0,0.0,0.0,0.0,1.0,0.0,0.0,0.0
2024-08-08,8,1.0,0.0,0.0,0.0,1.0,0.0,0.0,0.0
2024-08-08,9,0.961,0.0,0.039,0.0,2.0,0.0,1.0,0.0
2024-08-08,10,0.82,0.0,0.18,0.0,2.0,0.0,2.0,0.0
2024-08-08,11,0.826,0.0,0.134,0.039,1.0,0.0,2.0,1.0
2024-08-08,12,0.843,0.0,0.0,0.157,1.0,0.0,0.0,1.0
2024-08-08,13,0.416,0.033,0.118,0.433,2.0,1.0,2.0,1.0
2024-08-08,14,0.0,0.085,0.236,0.679,0.0,1.0,1.0,1.0
2024-08-08,15,0.302,0.0,0.551,0.148,1.0,0.0,1.0,2.0
2024-08-08,16,1.0,0.0,0.0,0.0,1.0,0.0,0.0,0.0
2024-08-08,17,1.0,0.0,0.0,0.0,1.0,0.0,0.0,0.0
2024-08-08,18,0.098,0.0,0.669,0.233,1.0,0.0,1.0,1.0
2024-08-08,19,0.013,0.0,0.039,0.948,1.0,0.0,1.0,1.0
2024-08-08,20,1.0,0.0,0.0,0.0,1.0,0.0,0.0,0.0
2024-08-08,21,1.0,0.0,0.0,0.0,1.0,0.0,0.0,0.0
2024-08-08,22,0.23,0.0,0.18,0.59,1.0,0.0,1.0,1.0
2024-08-08,23,0.0,0.0,0.134,0.866,0.0,0.0,1.0,2.0
2024-08-09,0,0.0,0.0,0.669,0.331,0.0,0.0,1.0,2.0
2024-08-09,1,0.0,0.0,0.0,1.0,0.0,0.0,0.0,1.0
2024-08-09,2,0.0,0.0,0.6,0.4,0.0,0.0,1.0,1.0
2024-08-09,3,0.0,0.0,0.331,0.669,0.0,0.0,2.0,1.0
2024-08-09,4,0.043,0.0,0.485,0.472,1.0,0.0,2.0,2.0
2024-08-09,5,0.115,0.0,0.885,0.0,2.0,0.0,2.0,0.0
2024-08-09,6,0.311,0.0,0.256,0.433,1.0,0.0,3.0,2.0
2024-08-09,7,1.0,0.0,0.0,0.0,1.0,0.0,0.0,0.0
2024-08-09,8,0.498,0.0,0.502,0.0,1.0,0.0,1.0,0.0
2024-08-09,9,0.0,0.0,0.993,0.007,0.0,0.0,1.0,1.0
2024-08-09,10,0.81,0.0,0.039,0.151,1.0,0.0,1.0,1.0
2024-08-09,11,0.843,0.0,0.157,0.0,1.0,0.0,1.0,1.0
2024-08-09,12,0.489,0.0,0.0,0.511,1.0,0.0,0.0,1.0
2024-08-09,13,0.646,0.0,0.118,0.236,2.0,0.0,2.0,1.0
2024-08-09,14,0.164,0.0,0.551,0.285,2.0,0.0,2.0,1.0
2024-08-09,15,0.223,0.0,0.472,0.305,1.0,0.0,1.0,2.0
2024-08-09,16,1.0,0.0,0.0,0.0,1.0,0.0,0.0,0.0
2024-08-09,17,1.0,0.0,0.0,0.0,1.0,0.0,0.0,0.0
2024-08-09,18,0.57,0.0,0.039,0.39,1.0,0.0,1.0,1.0
2024-08-09,19,0.249,0.0,0.0,0.751,1.0,0.0,0.0,1.0
2024-08-09,20,0.616,0.157,0.157,0.069,2.0,1.0,1.0,1.0
2024-08-09,21,0.039,0.0,0.597,0.364,1.0,0.0,2.0,1.0
2024-08-09,22,0.0,0.0,0.37,0.63,0.0,0.0,2.0,1.0
2024-08-09,23,0.0,0.0,0.134,0.866,0.0,0.0,2.0,3.0
2024-08-10,0,0.0,0.0,0.882,0.118,0.0,0.0,1.0,1.0
2024-08-10,1,0.0,0.0,0.534,0.466,0.0,0.0,2.0,2.0
2024-08-10,2,0.0,0.0,0.285,0.715,0.0,0.0,1.0,1.0
2024-08-10,3,0.0,0.0,0.738,0.262,0.0,0.0,1.0,1.0
2024-08-10,4,0.0,0.0,0.0,1.0,0.0,0.0,0.0,1.0
2024-08-10,5,0.197,0.0,0.61,0.193,1.0,0.0,2.0,2.0
2024-08-10,6,0.036,0.0,0.689,0.275,1.0,0.0,1.0,1.0
2024-08-10,7,1.0,0.0,0.0,0.0,1.0,0.0,0.0,0.0
2024-08-10,8,1.0,0.0,0.0,0.0,1.0,0.0,0.0,0.0
2024-08-10,9,1.0,0.0,0.0,0.0,1.0,0.0,0.0,0.0
2024-08-10,10,1.0,0.0,0.0,0.0,1.0,0.0,0.0,0.0
2024-08-10,11,0.016,0.0,0.472,0.511,1.0,0.0,1.0,1.0
2024-08-10,12,0.567,0.354,0.039,0.039,2.0,1.0,1.0,1.0
2024-08-10,13,0.81,0.118,0.072,0.0,1.0,1.0,1.0,0.0
2024-08-10,14,0.0,0.0,0.4,0.6,0.0,0.0,3.0,3.0
2024-08-10,15,0.656,0.0,0.118,0.226,1.0,0.0,1.0,1.0
2024-08-10,16,1.0,0.0,0.0,0.0,1.0,0.0,0.0,0.0
2024-08-10,17,1.0,0.0,0.0,0.0,1.0,0.0,0.0,0.0
2024-08-10,18,1.0,0.0,0.0,0.0,1.0,0.0,0.0,0.0
2024-08-10,19,0.475,0.0,0.0,0.525,1.0,0.0,0.0,1.0
2024-08-10,20,0.0,0.0,0.266,0.734,0.0,0.0,1.0,1.0
2024-08-10,21,0.354,0.0,0.285,0.361,1.0,0.0,2.0,2.0
2024-08-10,22,0.0,0.0,0.236,0.764,0.0,0.0,1.0,2.0
2024-08-10,23,0.472,0.0,0.0,0.528,1.0,0.0,0.0,2.0
2024-08-11,0,0.079,0.0,0.449,0.472,1.0,0.0,2.0,1.0
2024-08-11,1,0.0,0.0,0.377,0.623,0.0,0.0,2.0,2.0
2024-08-11,2,0.561,0.0,0.039,0.4,1.0,0.0,1.0,1.0
2024-08-11,3,0.344,0.118,0.354,0.184,1.0,1.0,1.0,1.0
2024-08-11,4,0.0,0.0,0.515,0.485,0.0,0.0,2.0,2.0
2024-08-11,5,0.157,0.0,0.685,0.157,1.0,0.0,2.0,1.0
2024-08-11,6,0.0,0.0,0.174,0.826,0.0,0.0,3.0,2.0
2024-08-11,7,0.839,0.0,0.161,0.0,2.0,0.0,1.0,0.0
2024-08-11,8,1.0,0.0,0.0,0.0,1.0,0.0,0.0,0.0
2024-08-11,9,0.6,0.079,0.321,0.0,1.0,2.0,1.0,0.0
2024-08-11,10,0.0,0.0,0.41,0.59,0.0,0.0,2.0,1.0
2024-08-11,11,0.0,0.0,0.882,0.118,0.0,0.0,3.0,2.0
2024-08-11,12,0.843,0.0,0.157,0.0,1.0,0.0,1.0,0.0
2024-08-11,13,0.416,0.079,0.505,0.0,1.0,1.0,1.0,0.0
2024-08-11,14,0.0,0.0,0.321,0.679,0.0,0.0,1.0,1.0
2024-08-11,15,0.262,0.0,0.157,0.58,1.0,0.0,1.0,1.0
2024-08-11,16,1.0,0.0,0.0,0.0,1.0,0.0,0.0,0.0
2024-08-11,17,1.0,0.0,0.0,0.0,1.0,0.0,0.0,0.0
2024-08-11,18,0.725,0.0,0.275,0.0,3.0,0.0,2.0,0.0
2024-08-11,19,0.043,0.0,0.236,0.721,1.0,0.0,2.0,2.0
2024-08-11,20,0.0,0.0,0.502,0.498,0.0,0.0,2.0,2.0
2024-08-11,21,0.361,0.0,0.089,0.551,1.0,0.0,2.0,1.0
2024-08-11,22,0.623,0.0,0.197,0.18,1.0,0.0,1.0,1.0
2024-08-11,23,0.197,0.0,0.393,0.41,2.0,0.0,1.0,2.0
2024-08-12,0,0.0,0.0,0.292,0.708,0.0,0.0,1.0,1.0
2024-08-12,1,0.0,0.0,0.416,0.584,0.0,0.0,1.0,1.0
2024-08-12,2,0.0,0.0,0.63,0.37,0.0,0.0,1.0,2.0
2024-08-12,3,0.0,0.0,0.656,0.344,0.0,0.0,1.0,1.0
2024-08-12,4,0.003,0.0,0.997,0.0,1.0,0.0,1.0,0.0
2024-08-12,5,0.43,0.0,0.57,0.0,3.0,0.0,3.0,0.0
2024-08-12,6,0.075,0.0,0.295,0.63,1.0,0.0,2.0,1.0
2024-08-12,7,1.0,0.0,0.0,0.0,2.0,0.0,0.0,0.0
2024-08-12,8,1.0,0.0,0.0,0.0,1.0,0.0,0.0,0.0
2024-08-12,9,1.0,0.0,0.0,0.0,1.0,0.0,0.0,0.0
2024-08-12,10,0.78,0.0,0.22,0.0,1.0,0.0,1.0,0.0
2024-08-12,11,0.118,0.0,0.292,0.59,1.0,0.0,2.0,1.0
2024-08-12,12,0.646,0.0,0.275,0.079,3.0,0.0,3.0,1.0
2024-08-12,13,1.0,0.0,0.0,0.0,1.0,0.0,0.0,0.0
2024-08-12,14,0.4,0.079,0.325,0.197,2.0,2.0,2.0,1.0
2024-08-12,15,0.0,0.0,0.069,0.931,0.0,0.0,1.0,1.0
2024-08-12,16,0.908,0.0,0.0,0.092,1.0,0.0,0.0,1.0
2024-08-12,17,1.0,0.0,0.0,0.0,1.0,0.0,0.0,0.0
2024-08-12,18,0.452,0.548,0.0,0.0,1.0,1.0,0.0,0.0
2024-08-12,19,0.0,0.83,0.17,0.0,0.0,2.0,3.0,0.0
2024-08-12,20,0.0,0.0,0.105,0.895,0.0,0.0,3.0,3.0
2024-08-12,21,0.0,0.0,0.669,0.331,0.0,0.0,1.0,2.0
2024-08-12,22,0.0,0.0,0.079,0.921,0.0,0.0,1.0,2.0
2024-08-12,23,0.0,0.0,0.59,0.41,0.0,0.0,1.0,3.0
2024-08-13,0,0.0,0.0,0.489,0.511,0.0,0.0,3.0,2.0
2024-08-13,1,0.0,0.0,0.574,0.426,0.0,0.0,1.0,1.0
2024-08-13,2,0.0,0.0,0.718,0.282,0.0,0.0,1.0,1.0
2024-08-13,3,0.0,0.0,0.344,0.656,0.0,0.0,1.0,1.0
2024-08-13,4,0.079,0.0,0.908,0.013,1.0,0.0,2.0,1.0
2024-08-13,5,0.0,0.0,0.705,0.295,0.0,0.0,3.0,3.0
2024-08-13,6,0.036,0.0,0.787,0.177,1.0,0.0,1.0,1.0
2024-08-13,7,0.921,0.079,0.0,0.0,2.0,1.0,0.0,0.0
2024-08-13,8,1.0,0.0,0.0,0.0,1.0,0.0,0.0,0.0
2024-08-13,9,1.0,0.0,0.0,0.0,1.0,0.0,0.0,0.0
2024-08-13,10,0.859,0.0,0.141,0.0,1.0,0.0,1.0,0.0
2024-08-13,11,0.59,0.0,0.292,0.118,2.0,0.0,2.0,1.0
2024-08-13,12,0.669,0.0,0.118,0.213,1.0,0.0,1.0,1.0
2024-08-13,13,0.118,0.079,0.23,0.574,1.0,1.0,2.0,1.0
2024-08-13,14,0.079,0.0,0.597,0.325,1.0,0.0,2.0,2.0
2024-08-13,15,0.144,0.0,0.118,0.738,1.0,0.0,1.0,1.0
2024-08-13,16,1.0,0.0,0.0,0.0,1.0,0.0,0.0,0.0
2024-08-13,17,1.0,0.0,0.0,0.0,1.0,0.0,0.0,0.0
2024-08-13,18,1.0,0.0,0.0,0.0,1.0,0.0,0.0,0.0
2024-08-13,19,1.0,0.0,0.0,0.0,1.0,0.0,0.0,0.0
2024-08-13,20,0.105,0.0,0.226,0.669,1.0,0.0,1.0,1.0
2024-08-13,21,0.0,0.0,0.134,0.866,0.0,0.0,2.0,1.0
2024-08-13,22,0.18,0.0,0.111,0.708,1.0,0.0,1.0,1.0
2024-08-13,23,1.0,0.0,0.0,0.0,1.0,0.0,1.0,0.0
2024-08-14,0,0.118,0.0,0.118,0.764,1.0,0.0,2.0,3.0
2024-08-14,1,0.0,0.0,0.544,0.456,0.0,0.0,3.0,3.0
2024-08-14,2,0.0,0.0,0.085,0.915,0.0,0.0,1.0,1.0
2024-08-14,3,0.0,0.0,0.577,0.423,0.0,0.0,1.0,1.0
2024-08-14,4,0.118,0.0,0.331,0.551,1.0,0.0,2.0,1.0
2024-08-14,5,0.039,0.0,0.587,0.374,1.0,0.0,2.0,1.0
2024-08-14,6,0.508,0.0,0.039,0.452,1.0,0.0,1.0,1.0
2024-08-14,7,0.83,0.0,0.17,0.0,1.0,0.0,1.0,0.0
2024-08-14,8,0.738,0.0,0.262,0.0,1.0,0.0,1.0,0.0
2024-08-14,9,0.954,0.0,0.046,0.0,1.0,0.0,1.0,0.0
2024-08-14,10,0.0,0.0,0.505,0.495,0.0,0.0,1.0,1.0
2024-08-14,11,0.118,0.0,0.708,0.174,1.0,0.0,1.0,1.0
2024-08-14,12,1.0,0.0,0.0,0.0,1.0,0.0,0.0,0.0
2024-08-14,13,0.574,0.0,0.157,0.269,1.0,0.0,1.0,1.0
2024-08-14,14,0.354,0.315,0.049,0.282,2.0,2.0,2.0,1.0
2024-08-14,15,0.0,0.0,0.344,0.656,0.0,0.0,1.0,1.0
2024-08-14,16,0.161,0.0,0.393,0.446,1.0,0.0,2.0,2.0
2024-08-14,17,1.0,0.0,0.0,0.0,1.0,0.0,0.0,0.0
2024-08-14,18,1.0,0.0,0.0,0.0,1.0,0.0,0.0,0.0
2024-08-14,19,0.948,0.0,0.052,0.0,1.0,0.0,1.0,0.0
2024-08-14,20,0.0,0.0,0.252,0.748,0.0,0.0,2.0,1.0
2024-08-14,21,0.243,0.0,0.403,0.354,1.0,0.0,1.0,1.0
2024-08-14,22,1.0,0.0,0.0,0.0,1.0,0.0,0.0,0.0
2024-08-14,23,0.331,0.0,0.118,0.551,2.0,0.0,1.0,1.0
2024-08-15,0,0.0,0.0,0.449,0.551,0.0,0.0,1.0,1.0
2024-08-15,1,0.0,0.0,0.456,0.544,0.0,0.0,2.0,2.0
2024-08-15,2,0.0,0.0,0.0,1.0,0.0,0.0,0.0,1.0
2024-08-15,3,0.0,0.0,0.498,0.502,0.0,0.0,2.0,2.0
2024-08-15,4,0.2,0.0,0.682,0.118,1.0,0.0,1.0,1.0
2024-08-15,5,0.115,0.0,0.63,0.256,1.0,0.0,2.0,2.0
2024-08-15,6,0.039,0.0,0.744,0.216,1.0,0.0,4.0,3.0
2024-08-15,7,0.918,0.0,0.082,0.0,1.0,0.0,1.0,0.0
2024-08-15,8,0.774,0.0,0.226,0.0,1.0,0.0,1.0,0.0
2024-08-15,9,0.0,0.0,0.325,0.675,0.0,0.0,1.0,1.0
2024-08-15,10,0.928,0.0,0.0,0.072,1.0,0.0,0.0,1.0
2024-08-15,11,1.0,0.0,0.0,0.0,1.0,0.0,0.0,0.0
2024-08-15,12,0.961,0.0,0.039,0.0,2.0,0.0,1.0,0.0
2024-08-15,13,0.889,0.111,0.0,0.0,1.0,1.0,0.0,0.0
2024-08-15,14,0.197,0.007,0.63,0.167,3.0,1.0,3.0,3.0
2024-08-15,15,0.0,0.0,0.236,0.764,0.0,0.0,4.0,5.0
2024-08-15,16,0.672,0.0,0.315,0.013,1.0,0.0,1.0,1.0
2024-08-15,17,1.0,0.0,0.0,0.0,1.0,0.0,0.0,0.0
2024-08-15,18,0.921,0.079,0.0,0.0,2.0,1.0,0.0,0.0
2024-08-15,19,0.318,0.0,0.197,0.485,1.0,0.0,1.0,1.0
2024-08-15,20,0.0,0.0,0.354,0.646,0.0,0.0,1.0,2.0
2024-08-15,21,0.518,0.0,0.0,0.482,1.0,0.0,0.0,1.0
2024-08-15,22,0.662,0.0,0.275,0.062,1.0,0.0,1.0,1.0
2024-08-15,23,0.0,0.0,0.354,0.646,0.0,0.0,2.0,3.0
2024-08-16,0,0.0,0.0,0.393,0.607,0.0,0.0,1.0,1.0
2024-08-16,1,0.0,0.0,0.433,0.567,0.0,0.0,1.0,2.0
2024-08-16,2,0.0,0.0,0.325,0.675,0.0,0.0,2.0,2.0
2024-08-16,3,0.0,0.0,0.816,0.184,0.0,0.0,1.0,1.0
2024-08-16,4,0.0,0.0,0.397,0.603,0.0,0.0,1.0,1.0
2024-08-16,5,0.157,0.0,0.843,0.0,2.0,0.0,3.0,0.0
2024-08-16,6,0.154,0.0,0.531,0.315,1.0,0.0,3.0,3.0
2024-08-16,7,1.0,0.0,0.0,0.0,1.0,0.0,0.0,0.0
2024-08-16,8,1.0,0.0,0.0,0.0,1.0,0.0,0.0,0.0
2024-08-16,9,0.364,0.0,0.197,0.439,1.0,0.0,1.0,1.0
2024-08-16,10,0.062,0.0,0.433,0.505,1.0,0.0,1.0,1.0
2024-08-16,11,1.0,0.0,0.0,0.0,1.0,0.0,0.0,0.0
2024-08-16,12,1.0,0.0,0.0,0.0,1.0,0.0,0.0,0.0
2024-08-16,13,0.849,0.0,0.151,0.0,1.0,0.0,1.0,0.0
2024-08-16,14,0.236,0.0,0.282,0.482,1.0,0.0,3.0,2.0
2024-08-16,15,0.852,0.0,0.0,0.148,1.0,0.0,0.0,1.0
2024-08-16,16,0.879,0.121,0.0,0.0,2.0,2.0,0.0,0.0
2024-08-16,17,0.236,0.39,0.374,0.0,2.0,2.0,3.0,0.0
2024-08-16,18,0.354,0.0,0.646,0.0,1.0,0.0,2.0,0.0
2024-08-16,19,0.0,0.0,0.213,0.787,0.0,0.0,2.0,1.0
2024-08-16,20,0.305,0.0,0.341,0.354,1.0,0.0,1.0,1.0
2024-08-16,21,1.0,0.0,0.0,0.0,1.0,0.0,0.0,0.0
2024-08-16,22,0.662,0.0,0.039,0.298,1.0,0.0,1.0,1.0
2024-08-16,23,0.197,0.0,0.236,0.567,1.0,0.0,2.0,2.0
2024-08-17,0,0.0,0.0,0.511,0.489,0.0,0.0,2.0,3.0
2024-08-17,1,0.0,0.0,0.308,0.692,0.0,0.0,2.0,2.0
2024-08-17,2,0.0,0.0,0.4,0.6,0.0,0.0,1.0,1.0
2024-08-17,3,0.0,0.0,0.63,0.37,0.0,0.0,1.0,2.0
2024-08-17,4,0.0,0.0,0.318,0.682,0.0,0.0,1.0,1.0
2024-08-17,5,0.197,0.0,0.803,0.0,1.0,0.0,2.0,0.0
2024-08-17,6,0.39,0.0,0.61,0.0,1.0,0.0,1.0,0.0
2024-08-17,7,0.961,0.039,0.0,0.0,2.0,1.0,0.0,0.0
2024-08-17,8,1.0,0.0,0.0,0.0,1.0,0.0,0.0,0.0
2024-08-17,9,0.049,0.0,0.951,0.0,1.0,0.0,1.0,0.0
2024-08-17,10,0.652,0.0,0.111,0.236,1.0,0.0,2.0,1.0
2024-08-17,11,1.0,0.0,0.0,0.0,1.0,0.0,0.0,0.0
2024-08-17,12,0.708,0.0,0.157,0.134,1.0,0.0,1.0,1.0
2024-08-17,13,0.269,0.0,0.0,0.731,1.0,0.0,0.0,1.0
2024-08-17,14,0.243,0.0,0.433,0.325,2.0,0.0,2.0,1.0
2024-08-17,15,0.695,0.0,0.0,0.305,1.0,0.0,0.0,1.0
2024-08-17,16,1.0,0.0,0.0,0.0,1.0,0.0,0.0,0.0
2024-08-17,17,0.823,0.177,0.0,0.0,2.0,2.0,0.0,0.0
2024-08-17,18,0.433,0.059,0.472,0.036,2.0,1.0,2.0,1.0
2024-08-17,19,0.0,0.0,0.17,0.83,0.0,0.0,2.0,2.0
2024-08-17,20,0.148,0.0,0.341,0.511,1.0,0.0,1.0,1.0
2024-08-17,21,1.0,0.0,0.0,0.0,1.0,0.0,0.0,0.0
2024-08-17,22,0.741,0.259,0.0,0.0,1.0,1.0,0.0,0.0
2024-08-17,23,0.0,0.016,0.197,0.787,0.0,1.0,2.0,2.0
2024-08-18,0,0.0,0.0,0.685,0.315,0.0,0.0,2.0,1.0
2024-08-18,1,0.0,0.0,0.292,0.708,0.0,0.0,4.0,3.0
2024-08-18,2,0.0,0.0,0.764,0.236,0.0,0.0,2.0,1.0
2024-08-18,3,0.0,0.0,0.62,0.38,0.0,0.0,1.0,1.0
2024-08-18,4,0.0,0.0,0.669,0.331,0.0,0.0,1.0,2.0
2024-08-18,5,0.275,0.0,0.295,0.43,2.0,0.0,2.0,1.0
2024-08-18,6,0.036,0.0,0.964,0.0,1.0,0.0,1.0,0.0
2024-08-18,7,1.0,0.0,0.0,0.0,1.0,0.0,0.0,0.0
2024-08-18,8,1.0,0.0,0.0,0.0,1.0,0.0,0.0,0.0
2024-08-18,9,1.0,0.0,0.0,0.0,1.0,0.0,0.0,0.0
2024-08-18,10,0.466,0.0,0.534,0.0,1.0,0.0,1.0,0.0
2024-08-18,11,0.59,0.0,0.056,0.354,1.0,0.0,2.0,1.0
2024-08-18,12,1.0,0.0,0.0,0.0,1.0,0.0,0.0,0.0
2024-08-18,13,0.731,0.033,0.079,0.157,2.0,1.0,1.0,1.0
2024-08-18,14,0.118,0.164,0.157,0.561,1.0,2.0,1.0,1.0
2024-08-18,15,0.656,0.0,0.039,0.305,1.0,0.0,1.0,2.0
2024-08-18,16,1.0,0.0,0.0,0.0,1.0,0.0,0.0,0.0
2024-08-18,17,1.0,0.0,0.0,0.0,1.0,0.0,0.0,0.0
2024-08-18,18,0.098,0.393,0.275,0.233,2.0,2.0,1.0,1.0
2024-08-18,19,0.63,0.0,0.039,0.331,1.0,0.0,1.0,2.0
2024-08-18,20,0.0,0.0,0.0,1.0,0.0,0.0,0.0,1.0
2024-08-18,21,0.63,0.0,0.315,0.056,1.0,0.0,2.0,2.0
2024-08-18,22,0.0,0.0,0.22,0.78,0.0,0.0,1.0,1.0
2024-08-18,23,0.039,0.0,0.528,0.433,1.0,0.0,3.0,1.0
2024-08-19,0,0.511,0.0,0.489,0.0,2.0,0.0,2.0,0.0
2024-08-19,1,0.157,0.0,0.803,0.039,2.0,0.0,4.0,1.0
2024-08-19,2,0.039,0.0,0.636,0.325,1.0,0.0,2.0,1.0
2024-08-19,3,0.0,0.0,0.577,0.423,0.0,0.0,1.0,1.0
2024-08-19,4,0.079,0.0,0.918,0.003,2.0,0.0,3.0,1.0
2024-08-19,5,0.275,0.0,0.492,0.233,3.0,0.0,4.0,1.0
2024-08-19,6,0.236,0.0,0.764,0.0,1.0,0.0,2.0,0.0
2024-08-19,7,0.918,0.0,0.082,0.0,1.0,0.0,1.0,0.0
2024-08-19,8,1.0,0.0,0.0,0.0,1.0,0.0,0.0,0.0
2024-08-19,9,0.521,0.0,0.479,0.0,2.0,0.0,2.0,0.0
2024-08-19,10,0.495,0.0,0.505,0.0,1.0,0.0,1.0,0.0
2024-08-19,11,0.725,0.039,0.236,0.0,1.0,1.0,1.0,0.0
2024-08-19,12,0.134,0.393,0.079,0.393,2.0,2.0,1.0,2.0
2024-08-19,13,0.77,0.0,0.079,0.151,1.0,0.0,1.0,1.0
2024-08-19,14,0.275,0.0,0.197,0.528,1.0,0.0,1.0,2.0
2024-08-19,15,0.695,0.0,0.0,0.305,1.0,0.0,0.0,1.0
2024-08-19,16,0.8,0.0,0.2,0.0,1.0,0.0,1.0,0.0
2024-08-19,17,0.315,0.0,0.528,0.157,1.0,0.0,2.0,1.0
2024-08-19,18,0.354,0.0,0.413,0.233,2.0,0.0,3.0,1.0
2024-08-19,19,0.0,0.0,0.21,0.79,0.0,0.0,1.0,1.0
2024-08-19,20,0.816,0.0,0.184,0.0,1.0,0.0,1.0,0.0
2024-08-19,21,0.443,0.0,0.039,0.518,1.0,0.0,1.0,1.0
2024-08-19,22,0.0,0.0,0.062,0.938,0.0,0.0,1.0,1.0
2024-08-19,23,0.0,0.0,0.843,0.157,1.0,0.0,2.0,1.0
2024-08-20,0,0.0,0.0,0.449,0.551,0.0,0.0,1.0,1.0
2024-08-20,1,0.0,0.0,0.882,0.118,0.0,0.0,3.0,2.0
2024-08-20,2,0.0,0.0,1.0,0.0,0.0,0.0,1.0,0.0
2024-08-20,3,0.0,0.0,0.41,0.59,0.0,0.0,2.0,1.0
2024-08-20,4,0.0,0.0,1.0,0.0,0.0,0.0,1.0,0.0
2024-08-20,5,0.079,0.0,0.292,0.63,1.0,0.0,3.0,2.0
2024-08-20,6,0.0,0.0,1.0,0.0,0.0,0.0,1.0,0.0
2024-08-20,7,0.721,0.0,0.279,0.0,1.0,0.0,1.0,0.0
2024-08-20,8,0.813,0.0,0.187,0.0,1.0,0.0,1.0,0.0
2024-08-20,9,0.0,0.0,0.639,0.361,0.0,0.0,2.0,2.0
2024-08-20,10,0.692,0.0,0.236,0.072,1.0,0.0,1.0,1.0
2024-08-20,11,0.725,0.0,0.275,0.0,3.0,0.0,2.0,0.0
2024-08-20,12,0.708,0.0,0.079,0.213,1.0,0.0,1.0,1.0
2024-08-20,13,0.157,0.0,0.072,0.77,1.0,0.0,2.0,2.0
2024-08-20,14,0.118,0.0,0.685,0.197,1.0,0.0,3.0,1.0
2024-08-20,15,0.498,0.0,0.226,0.275,1.0,0.0,1.0,1.0
2024-08-20,16,1.0,0.0,0.0,0.0,1.0,0.0,0.0,0.0
2024-08-20,17,0.607,0.0,0.393,0.0,2.0,0.0,1.0,0.0
2024-08-20,18,0.728,0.0,0.272,0.0,2.0,0.0,2.0,0.0
2024-08-20,19,0.0,0.0,0.082,0.918,0.0,0.0,2.0,2.0
2024-08-20,20,0.0,0.0,0.511,0.489,0.0,0.0,1.0,2.0
2024-08-20,21,0.951,0.0,0.0,0.049,1.0,0.0,0.0,1.0
2024-08-20,22,0.466,0.0,0.315,0.22,1.0,0.0,2.0,2.0
2024-08-20,23,0.0,0.0,0.511,0.489,0.0,0.0,1.0,2.0
2024-08-21,0,0.0,0.0,0.331,0.669,0.0,0.0,2.0,1.0
2024-08-21,1,0.0,0.0,0.646,0.354,0.0,0.0,2.0,1.0
2024-08-21,2,0.039,0.0,0.607,0.354,1.0,0.0,2.0,1.0
2024-08-21,3,0.0,0.0,0.685,0.315,0.0,0.0,4.0,3.0
2024-08-21,4,0.0,0.0,0.957,0.043,0.0,0.0,2.0,2.0
2024-08-21,5,0.118,0.0,0.197,0.685,1.0,0.0,1.0,2.0
2024-08-21,6,0.079,0.0,0.902,0.02,1.0,0.0,1.0,1.0
2024-08-21,7,0.957,0.0,0.043,0.0,1.0,0.0,1.0,0.0
2024-08-21,8,1.0,0.0,0.0,0.0,1.0,0.0,0.0,0.0
2024-08-21,9,1.0,0.0,0.0,0.0,1.0,0.0,0.0,0.0
2024-08-21,10,1.0,0.0,0.0,0.0,1.0,0.0,0.0,0.0
2024-08-21,11,0.292,0.0,0.236,0.472,2.0,0.0,2.0,1.0
2024-08-21,12,1.0,0.0,0.0,0.0,1.0,0.0,0.0,0.0
2024-08-21,13,0.22,0.0,0.308,0.472,2.0,0.0,3.0,2.0
2024-08-21,14,0.236,0.0,0.4,0.364,1.0,0.0,3.0,2.0
2024-08-21,15,0.302,0.0,0.0,0.698,1.0,0.0,0.0,1.0
2024-08-21,16,1.0,0.0,0.0,0.0,1.0,0.0,0.0,0.0
2024-08-21,17,0.607,0.039,0.354,0.0,2.0,1.0,1.0,0.0
2024-08-21,18,0.452,0.039,0.508,0.0,2.0,1.0,2.0,0.0
2024-08-21,19,0.315,0.0,0.528,0.157,2.0,0.0,4.0,1.0
2024-08-21,20,0.148,0.0,0.066,0.787,1.0,0.0,1.0,1.0
2024-08-21,21,0.875,0.0,0.125,0.0,1.0,0.0,1.0,0.0
2024-08-21,22,0.18,0.0,0.426,0.393,1.0,0.0,1.0,1.0
2024-08-21,23,0.331,0.0,0.118,0.551,1.0,0.0,2.0,1.0
2024-08-22,0,0.0,0.0,0.63,0.37,0.0,0.0,1.0,2.0
2024-08-22,1,0.0,0.0,0.511,0.489,0.0,0.0,1.0,2.0
2024-08-22,2,0.0,0.0,0.0,1.0,0.0,0.0,0.0,1.0
2024-08-22,3,0.0,0.0,0.787,0.213,0.0,0.0,2.0,3.0
2024-08-22,4,0.0,0.0,0.787,0.213,0.0,0.0,1.0,2.0
2024-08-22,5,0.236,0.0,0.728,0.036,1.0,0.0,2.0,1.0
2024-08-22,6,0.0,0.0,0.57,0.43,0.0,0.0,2.0,2.0
2024-08-22,7,0.511,0.013,0.236,0.239,1.0,1.0,1.0,1.0
2024-08-22,8,0.974,0.026,0.0,0.0,1.0,1.0,0.0,0.0
2024-08-22,9,0.6,0.0,0.4,0.0,1.0,0.0,1.0,0.0
2024-08-22,10,0.81,0.0,0.19,0.0,1.0,0.0,1.0,0.0
2024-08-22,11,0.843,0.0,0.157,0.0,1.0,0.0,1.0,0.0
2024-08-22,12,0.252,0.0,0.59,0.157,1.0,0.0,2.0,1.0
2024-08-22,13,0.613,0.197,0.19,0.0,1.0,1.0,1.0,0.0
2024-08-22,14,0.0,0.0,0.213,0.787,0.0,0.0,3.0,2.0
2024-08-22,15,0.341,0.0,0.344,0.315,1.0,0.0,2.0,1.0
2024-08-22,16,1.0,0.0,0.0,0.0,1.0,0.0,0.0,0.0
2024-08-22,17,1.0,0.0,0.0,0.0,1.0,0.0,0.0,0.0
2024-08-22,18,0.57,0.0,0.43,0.0,3.0,0.0,3.0,0.0
2024-08-22,19,0.249,0.0,0.515,0.236,1.0,0.0,1.0,1.0
2024-08-22,20,0.931,0.0,0.069,0.0,1.0,0.0,1.0,0.0
2024-08-22,21,0.085,0.0,0.089,0.826,1.0,0.0,1.0,1.0
2024-08-22,22,1.0,0.0,0.0,0.0,1.0,0.0,0.0,0.0
2024-08-22,23,0.646,0.0,0.157,0.197,1.0,0.0,1.0,2.0
2024-08-24,0,0.079,0.0,0.567,0.354,1.0,0.0,3.0,1.0
2024-08-24,1,0.157,0.0,0.77,0.072,1.0,0.0,2.0,1.0
2024-08-24,2,0.197,0.0,0.285,0.518,1.0,0.0,2.0,1.0
2024-08-24,3,0.0,0.0,0.148,0.852,0.0,0.0,1.0,1.0
2024-08-24,4,0.0,0.0,0.83,0.17,0.0,0.0,1.0,1.0
2024-08-24,5,0.157,0.0,0.489,0.354,1.0,0.0,2.0,1.0
2024-08-24,6,0.354,0.0,0.646,0.0,1.0,0.0,2.0,0.0
2024-08-24,7,0.643,0.0,0.357,0.0,1.0,0.0,1.0,0.0
2024-08-24,8,1.0,0.0,0.0,0.0,1.0,0.0,0.0,0.0
2024-08-24,9,0.443,0.0,0.557,0.0,1.0,0.0,1.0,0.0
2024-08-24,10,0.77,0.0,0.23,0.0,1.0,0.0,1.0,0.0
2024-08-24,11,1.0,0.0,0.0,0.0,1.0,0.0,0.0,0.0
2024-08-24,12,1.0,0.0,0.0,0.0,1.0,0.0,0.0,0.0
2024-08-24,13,0.056,0.0,0.275,0.669,2.0,0.0,1.0,1.0
2024-08-24,14,0.125,0.0,0.551,0.325,1.0,0.0,1.0,1.0
2024-08-24,15,0.42,0.0,0.433,0.148,1.0,0.0,1.0,2.0
2024-08-24,16,0.803,0.0,0.197,0.0,2.0,0.0,1.0,0.0
2024-08-24,17,0.725,0.0,0.275,0.0,2.0,0.0,1.0,0.0
2024-08-24,18,0.492,0.0,0.508,0.0,2.0,0.0,2.0,0.0
2024-08-24,19,0.0,0.0,0.121,0.879,0.0,0.0,1.0,1.0
2024-08-24,20,0.0,0.0,0.866,0.134,0.0,0.0,1.0,2.0
2024-08-24,21,0.0,0.0,0.557,0.443,0.0,0.0,1.0,1.0
2024-08-24,22,0.0,0.0,0.567,0.433,0.0,0.0,2.0,1.0
2024-08-24,23,0.472,0.0,0.528,0.0,1.0,0.0,2.0,0.0
2024-08-25,0,0.354,0.0,0.354,0.292,1.0,0.0,2.0,2.0
2024-08-25,1,0.0,0.0,0.741,0.259,0.0,0.0,2.0,2.0
2024-08-25,2,0.0,0.0,0.675,0.325,0.0,0.0,4.0,4.0
2024-08-25,3,0.0,0.0,0.223,0.777,0.0,0.0,3.0,3.0
2024-08-25,4,0.0,0.0,1.0,0.0,0.0,0.0,1.0,0.0
2024-08-25,5,0.177,0.0,0.469,0.354,2.0,0.0,2.0,1.0
2024-08-25,6,0.098,0.0,0.902,0.0,2.0,0.0,2.0,0.0
2024-08-25,7,0.643,0.0,0.357,0.0,1.0,0.0,1.0,0.0
2024-08-25,8,1.0,0.0,0.0,0.0,1.0,0.0,0.0,0.0
2024-08-25,9,1.0,0.0,0.0,0.0,1.0,0.0,0.0,0.0
2024-08-25,10,1.0,0.0,0.0,0.0,1.0,0.0,0.0,0.0
2024-08-25,11,1.0,0.0,0.0,0.0,1.0,0.0,0.0,0.0
2024-08-25,12,0.826,0.0,0.174,0.0,1.0,0.0,1.0,0.0
2024-08-25,13,0.393,0.0,0.489,0.118,1.0,0.0,3.0,1.0
2024-08-25,14,0.0,0.0,0.125,0.875,0.0,0.0,2.0,2.0
2024-08-25,15,0.459,0.0,0.354,0.187,1.0,0.0,1.0,2.0
2024-08-25,16,1.0,0.0,0.0,0.0,1.0,0.0,0.0,0.0
2024-08-25,17,1.0,0.0,0.0,0.0,1.0,0.0,0.0,0.0
2024-08-25,18,0.295,0.39,0.315,0.0,2.0,4.0,2.0,0.0
2024-08-25,19,0.0,0.121,0.21,0.669,0.0,1.0,2.0,1.0
2024-08-25,20,0.0,0.0,0.262,0.738,0.0,0.0,1.0,1.0
2024-08-25,21,0.551,0.0,0.4,0.049,1.0,0.0,2.0,1.0
2024-08-25,22,0.0,0.0,0.072,0.928,0.0,0.0,1.0,1.0
2024-08-25,23,0.0,0.0,0.63,0.37,1.0,0.0,1.0,2.0
2024-08-26,0,0.0,0.0,0.292,0.708,0.0,0.0,1.0,1.0
2024-08-26,1,0.0,0.0,0.22,0.78,0.0,0.0,1.0,1.0
2024-08-26,2,0.0,0.0,0.561,0.439,0.0,0.0,2.0,2.0
2024-08-26,3,0.0,0.0,0.462,0.538,0.0,0.0,1.0,1.0
2024-08-26,4,0.0,0.0,0.987,0.013,0.0,0.0,1.0,1.0
2024-08-26,5,0.118,0.0,0.548,0.334,1.0,0.0,2.0,2.0
2024-08-26,6,0.0,0.0,0.433,0.567,0.0,0.0,1.0,2.0
2024-08-26,7,0.721,0.0,0.039,0.239,1.0,0.0,1.0,2.0
2024-08-26,8,1.0,0.0,0.0,0.0,1.0,0.0,0.0,0.0
2024-08-26,9,0.921,0.0,0.079,0.0,2.0,0.0,1.0,0.0
2024-08-26,10,0.348,0.0,0.315,0.338,1.0,0.0,1.0,1.0
2024-08-26,11,0.511,0.0,0.0,0.489,1.0,0.0,0.0,1.0
2024-08-26,12,1.0,0.0,0.0,0.0,1.0,0.0,0.0,0.0
2024-08-26,13,0.528,0.0,0.039,0.433,2.0,0.0,1.0,1.0
2024-08-26,14,0.282,0.0,0.6,0.118,2.0,0.0,2.0,1.0
2024-08-26,15,0.538,0.0,0.03,0.433,1.0,0.0,1.0,1.0
2024-08-26,16,1.0,0.0,0.0,0.0,1.0,0.0,0.0,0.0
2024-08-26,17,1.0,0.0,0.0,0.0,1.0,0.0,0.0,0.0
2024-08-26,18,0.689,0.0,0.275,0.036,1.0,0.0,2.0,1.0
2024-08-26,19,0.0,0.0,0.0,1.0,0.0,0.0,0.0,1.0
2024-08-26,20,0.0,0.0,0.226,0.774,0.0,0.0,2.0,2.0
2024-08-26,21,0.203,0.0,0.6,0.197,1.0,0.0,1.0,1.0
2024-08-26,22,1.0,0.0,0.0,0.0,1.0,0.0,0.0,0.0
2024-08-26,23,0.725,0.0,0.157,0.118,2.0,0.0,2.0,2.0
2024-08-27,0,0.0,0.0,0.292,0.708,0.0,0.0,2.0,3.0
2024-08-27,1,0.0,0.0,0.567,0.433,0.0,0.0,2.0,1.0
2024-08-27,2,0.0,0.0,0.567,0.433,0.0,0.0,2.0,1.0
2024-08-27,3,0.0,0.0,0.462,0.538,0.0,0.0,1.0,1.0
2024-08-27,4,0.0,0.0,0.748,0.252,0.0,0.0,1.0,2.0
2024-08-27,5,0.197,0.0,0.256,0.548,1.0,0.0,1.0,1.0
2024-08-27,6,0.0,0.0,1.0,0.0,0.0,0.0,1.0,0.0
2024-08-27,7,0.839,0.0,0.161,0.0,1.0,0.0,1.0,0.0
2024-08-27,8,0.931,0.0,0.069,0.0,1.0,0.0,1.0,0.0
2024-08-27,9,0.282,0.0,0.639,0.079,1.0,0.0,2.0,1.0
2024-08-27,10,0.544,0.0,0.393,0.062,1.0,0.0,1.0,1.0
2024-08-27,11,0.472,0.0,0.315,0.213,1.0,0.0,3.0,2.0
2024-08-27,12,0.0,0.0,0.236,0.764,0.0,0.0,1.0,1.0
2024-08-27,13,0.708,0.0,0.151,0.141,1.0,0.0,2.0,1.0
2024-08-27,14,0.0,0.0,0.675,0.325,0.0,0.0,2.0,2.0
2024-08-27,15,0.459,0.0,0.0,0.541,1.0,0.0,0.0,1.0
2024-08-27,16,0.957,0.043,0.0,0.0,1.0,1.0,0.0,0.0
2024-08-27,17,0.846,0.154,0.0,0.0,1.0,1.0,0.0,0.0
2024-08-27,18,1.0,0.0,0.0,0.0,1.0,0.0,0.0,0.0
2024-08-27,19,0.436,0.0,0.0,0.564,1.0,0.0,0.0,1.0
2024-08-27,20,0.0,0.0,0.344,0.656,0.0,0.0,1.0,1.0
2024-08-27,21,0.0,0.0,0.285,0.715,0.0,0.0,1.0,1.0
2024-08-27,22,0.613,0.0,0.0,0.387,1.0,0.0,0.0,1.0
2024-08-27,23,0.685,0.0,0.197,0.118,2.0,0.0,2.0,2.0
2024-08-28,0,0.0,0.0,0.292,0.708,0.0,0.0,1.0,1.0
2024-08-28,1,0.0,0.0,0.062,0.938,0.0,0.0,1.0,1.0
2024-08-28,2,0.0,0.0,0.433,0.567,0.0,0.0,1.0,2.0
2024-08-28,3,0.0,0.0,0.0,1.0,0.0,0.0,0.0,1.0
2024-08-28,4,0.0,0.0,0.83,0.17,0.0,0.0,1.0,1.0
2024-08-28,5,0.118,0.0,0.882,0.0,1.0,0.0,2.0,0.0
2024-08-28,6,0.0,0.0,0.531,0.469,0.0,0.0,1.0,1.0
2024-08-28,7,0.918,0.0,0.0,0.082,1.0,0.0,0.0,1.0
2024-08-28,8,0.813,0.039,0.148,0.0,2.0,1.0,1.0,0.0
2024-08-28,9,0.4,0.0,0.6,0.0,1.0,0.0,1.0,0.0
2024-08-28,10,0.961,0.0,0.039,0.0,2.0,0.0,1.0,0.0
2024-08-28,11,0.37,0.0,0.118,0.511,1.0,0.0,1.0,1.0
2024-08-28,12,0.134,0.0,0.0,0.866,1.0,0.0,0.0,1.0
2024-08-28,13,0.967,0.0,0.033,0.0,1.0,0.0,1.0,0.0
2024-08-28,14,0.0,0.0,0.449,0.551,0.0,0.0,3.0,2.0
2024-08-28,15,0.695,0.0,0.305,0.0,1.0,0.0,1.0,0.0
2024-08-28,16,1.0,0.0,0.0,0.0,1.0,0.0,0.0,0.0
2024-08-28,17,1.0,0.0,0.0,0.0,1.0,0.0,0.0,0.0
2024-08-28,18,0.807,0.0,0.193,0.0,1.0,0.0,1.0,0.0
2024-08-28,19,0.0,0.0,0.082,0.918,0.0,0.0,2.0,2.0
2024-08-28,20,0.0,0.0,0.708,0.292,0.0,0.0,1.0,2.0
2024-08-28,21,0.0,0.0,0.0,1.0,0.0,0.0,0.0,1.0
2024-08-28,22,0.652,0.0,0.039,0.308,1.0,0.0,1.0,1.0
2024-08-28,23,1.0,0.0,0.0,0.0,1.0,0.0,0.0,1.0
2024-08-29,0,0.708,0.0,0.0,0.292,1.0,0.0,0.0,1.0
2024-08-29,1,0.0,0.0,0.348,0.652,0.0,0.0,2.0,2.0
2024-08-29,2,0.0,0.0,0.4,0.6,0.0,0.0,1.0,1.0
2024-08-29,3,0.0,0.0,0.748,0.252,0.0,0.0,1.0,2.0
2024-08-29,4,0.0,0.0,0.593,0.407,0.0,0.0,1.0,1.0
2024-08-29,5,0.0,0.039,0.469,0.492,0.0,1.0,2.0,1.0
2024-08-29,6,0.0,0.0,0.941,0.059,0.0,0.0,2.0,1.0
2024-08-29,7,0.643,0.079,0.239,0.039,1.0,1.0,1.0,1.0
2024-08-29,8,1.0,0.0,0.0,0.0,1.0,0.0,0.0,0.0
2024-08-29,9,0.561,0.0,0.439,0.0,1.0,0.0,1.0,0.0
2024-08-29,10,0.298,0.0,0.111,0.59,1.0,0.0,1.0,1.0
2024-08-29,11,0.882,0.0,0.118,0.0,1.0,0.0,1.0,0.0
2024-08-29,12,0.0,0.0,0.528,0.472,0.0,0.0,2.0,1.0
2024-08-29,13,0.0,0.118,0.489,0.393,0.0,1.0,3.0,1.0
2024-08-29,14,0.039,0.0,0.41,0.551,1.0,0.0,2.0,1.0
2024-08-29,15,0.498,0.118,0.384,0.0,1.0,1.0,1.0,0.0
2024-08-29,16,1.0,0.0,0.0,0.0,1.0,0.0,0.0,0.0
2024-08-29,17,0.961,0.0,0.039,0.0,2.0,0.0,1.0,0.0
2024-08-29,18,0.452,0.0,0.118,0.43,1.0,0.0,1.0,1.0
2024-08-29,19,0.0,0.0,0.603,0.397,0.0,0.0,1.0,1.0
2024-08-29,20,0.0,0.0,0.223,0.777,0.0,0.0,1.0,1.0
2024-08-29,21,0.518,0.0,0.433,0.049,1.0,0.0,1.0,1.0
2024-08-29,22,0.584,0.0,0.0,0.416,1.0,0.0,0.0,1.0
2024-08-29,23,0.0,0.0,0.315,0.685,1.0,0.0,1.0,1.0
2024-09-08,0,0.393,0.0,0.41,0.197,1.0,0.0,3.0,2.0
2024-09-08,1,0.0,0.0,0.41,0.59,0.0,0.0,2.0,1.0
2024-09-08,2,0.0,0.0,1.0,0.0,0.0,0.0,1.0,0.0
2024-09-08,3,0.0,0.0,0.37,0.63,0.0,0.0,3.0,2.0
2024-09-08,4,0.0,0.0,0.646,0.354,0.0,0.0,2.0,1.0
2024-09-08,5,0.177,0.0,0.744,0.079,1.0,0.0,3.0,2.0
2024-09-08,6,0.059,0.0,0.941,0.0,1.0,0.0,1.0,0.0
2024-09-08,7,0.603,0.0,0.239,0.157,1.0,0.0,1.0,1.0
2024-09-08,8,1.0,0.0,0.0,0.0,1.0,0.0,0.0,0.0
2024-09-08,9,0.521,0.0,0.315,0.164,1.0,0.0,1.0,1.0
2024-09-08,10,0.0,0.0,0.0,1.0,0.0,0.0,0.0,1.0
2024-09-08,11,0.393,0.0,0.354,0.252,1.0,0.0,1.0,1.0
2024-09-08,12,0.748,0.252,0.0,0.0,1.0,1.0,0.0,0.0
2024-09-08,13,0.0,0.77,0.197,0.033,0.0,1.0,1.0,1.0
2024-09-08,14,0.0,0.0,0.521,0.479,0.0,0.0,1.0,1.0
2024-09-08,15,0.774,0.0,0.069,0.157,1.0,0.0,1.0,1.0
2024-09-08,16,1.0,0.0,0.0,0.0,1.0,0.0,0.0,0.0
2024-09-08,17,1.0,0.0,0.0,0.0,1.0,0.0,0.0,0.0
2024-09-08,18,0.649,0.0,0.236,0.115,1.0,0.0,1.0,1.0
2024-09-08,19,0.0,0.0,0.354,0.646,0.0,0.0,3.0,4.0
2024-09-08,20,0.197,0.0,0.226,0.577,1.0,0.0,2.0,1.0
2024-09-08,21,0.0,0.0,0.128,0.872,0.0,0.0,2.0,2.0
2024-09-08,22,0.22,0.0,0.393,0.387,1.0,0.0,1.0,2.0
2024-09-08,23,1.0,0.0,0.0,0.0,2.0,0.0,0.0,0.0
2024-09-09,0,0.354,0.0,0.118,0.528,1.0,0.0,2.0,2.0
2024-09-09,1,0.0,0.0,0.78,0.22,0.0,0.0,1.0,1.0
2024-09-09,2,0.0,0.0,0.331,0.669,0.0,0.0,2.0,1.0
2024-09-09,3,0.0,0.0,0.344,0.656,0.0,0.0,1.0,1.0
2024-09-09,4,0.0,0.0,0.475,0.525,0.0,0.0,3.0,3.0
2024-09-09,5,0.118,0.0,0.882,0.0,1.0,0.0,2.0,0.0
2024-09-09,6,0.118,0.0,0.728,0.154,2.0,0.0,3.0,1.0
2024-09-09,7,0.564,0.0,0.236,0.2,1.0,0.0,2.0,3.0
2024-09-09,8,1.0,0.0,0.0,0.0,1.0,0.0,0.0,0.0
2024-09-09,9,0.639,0.361,0.0,0.0,1.0,1.0,0.0,0.0
2024-09-09,10,0.236,0.072,0.669,0.023,1.0,1.0,1.0,1.0
2024-09-09,11,0.748,0.0,0.0,0.252,1.0,0.0,0.0,1.0
2024-09-09,12,0.236,0.0,0.236,0.528,1.0,0.0,1.0,1.0
2024-09-09,13,0.938,0.0,0.0,0.062,1.0,0.0,0.0,1.0
2024-09-09,14,0.439,0.079,0.393,0.089,1.0,1.0,1.0,1.0
2024-09-09,15,0.42,0.0,0.393,0.187,2.0,0.0,1.0,1.0
2024-09-09,16,1.0,0.0,0.0,0.0,1.0,0.0,0.0,0.0
2024-09-09,17,1.0,0.0,0.0,0.0,1.0,0.0,0.0,0.0
2024-09-09,18,0.649,0.0,0.351,0.0,1.0,0.0,1.0,0.0
2024-09-09,19,0.0,0.0,0.397,0.603,0.0,0.0,2.0,2.0
2024-09-09,20,0.0,0.0,0.787,0.213,0.0,0.0,1.0,2.0
2024-09-09,21,0.0,0.0,0.439,0.561,0.0,0.0,2.0,2.0
2024-09-09,22,0.0,0.0,0.056,0.944,0.0,0.0,2.0,1.0
2024-09-09,23,0.984,0.0,0.016,0.0,2.0,0.0,1.0,0.0
2024-09-11,0,1.0,0.0,0.0,0.0,1.0,0.0,0.0,0.0
2024-09-11,1,0.18,0.0,0.0,0.82,1.0,0.0,0.0,1.0
2024-09-11,2,0.0,0.0,0.0,1.0,0.0,0.0,0.0,1.0
2024-09-11,3,0.0,0.0,0.551,0.449,0.0,0.0,1.0,3.0
2024-09-11,4,0.275,0.0,0.436,0.289,2.0,0.0,3.0,1.0
2024-09-11,5,0.0,0.0,0.233,0.767,0.0,0.0,1.0,1.0
2024-09-11,6,0.469,0.0,0.157,0.374,1.0,0.0,3.0,3.0
2024-09-11,7,1.0,0.0,0.0,0.0,1.0,0.0,0.0,0.0
2024-09-11,8,0.892,0.0,0.108,0.0,1.0,0.0,1.0,0.0
2024-09-11,9,0.0,0.0,1.0,0.0,0.0,0.0,1.0,0.0
2024-09-11,10,0.377,0.0,0.426,0.197,1.0,0.0,2.0,1.0
2024-09-11,11,0.921,0.0,0.079,0.0,2.0,0.0,1.0,0.0
2024-09-11,12,0.315,0.0,0.039,0.646,1.0,0.0,1.0,1.0
2024-09-11,13,0.157,0.0,0.23,0.613,2.0,0.0,3.0,2.0
2024-09-11,14,0.0,0.0,0.439,0.561,0.0,0.0,1.0,1.0
2024-09-11,15,0.97,0.0,0.0,0.03,1.0,0.0,0.0,1.0
2024-09-11,16,1.0,0.0,0.0,0.0,1.0,0.0,0.0,0.0
2024-09-11,17,1.0,0.0,0.0,0.0,1.0,0.0,0.0,0.0
2024-09-11,18,0.649,0.0,0.079,0.272,1.0,0.0,1.0,1.0
2024-09-11,19,0.0,0.0,0.354,0.646,0.0,0.0,1.0,2.0
2024-09-11,20,0.0,0.0,0.108,0.892,0.0,0.0,2.0,2.0
2024-09-11,21,0.0,0.0,0.718,0.282,0.0,0.0,1.0,1.0
2024-09-11,22,0.0,0.0,0.102,0.898,0.0,0.0,2.0,2.0
2024-09-11,23,0.984,0.0,0.016,0.0,2.0,0.0,1.0,0.0
2024-09-12,0,0.393,0.0,0.157,0.449,1.0,0.0,1.0,1.0
2024-09-12,1,0.0,0.0,0.584,0.416,0.0,0.0,1.0,1.0
2024-09-12,2,0.0,0.0,0.489,0.511,0.0,0.0,2.0,1.0
2024-09-12,3,0.0,0.0,0.344,0.656,0.0,0.0,1.0,1.0
2024-09-12,4,0.079,0.0,0.357,0.564,1.0,0.0,2.0,1.0
2024-09-12,5,0.118,0.0,0.882,0.0,1.0,0.0,2.0,0.0
2024-09-12,6,0.508,0.0,0.492,0.0,1.0,0.0,1.0,0.0
2024-09-12,7,1.0,0.0,0.0,0.0,1.0,0.0,0.0,0.0
2024-09-12,8,1.0,0.0,0.0,0.0,1.0,0.0,0.0,0.0
2024-09-12,9,0.685,0.197,0.118,0.0,3.0,2.0,2.0,0.0
2024-09-12,10,0.072,0.889,0.039,0.0,1.0,2.0,1.0,0.0
2024-09-12,11,0.0,0.567,0.236,0.197,0.0,3.0,3.0,2.0
2024-09-12,12,0.0,0.079,0.685,0.236,0.0,1.0,3.0,1.0
2024-09-12,13,0.039,0.466,0.416,0.079,1.0,2.0,3.0,1.0
2024-09-12,14,0.079,0.085,0.472,0.364,1.0,2.0,2.0,2.0
2024-09-12,15,0.184,0.0,0.551,0.266,1.0,0.0,1.0,1.0
2024-09-12,16,1.0,0.0,0.0,0.0,1.0,0.0,0.0,0.0
2024-09-12,17,1.0,0.0,0.0,0.0,1.0,0.0,0.0,0.0
2024-09-12,18,0.846,0.0,0.079,0.075,1.0,0.0,1.0,1.0
2024-09-12,19,0.0,0.0,0.013,0.987,0.0,0.0,1.0,1.0
2024-09-12,20,0.0,0.0,0.498,0.502,0.0,0.0,1.0,1.0
2024-09-12,21,0.0,0.0,0.243,0.757,0.0,0.0,1.0,1.0
2024-09-12,22,0.77,0.0,0.23,0.0,1.0,0.0,1.0,0.0
2024-09-12,23,0.292,0.0,0.0,0.708,2.0,0.0,0.0,1.0
2024-09-13,0,0.0,0.0,0.567,0.433,0.0,0.0,1.0,1.0
2024-09-13,1,0.0,0.0,0.338,0.662,0.0,0.0,2.0,2.0
2024-09-13,2,0.0,0.0,0.757,0.243,0.0,0.0,1.0,1.0
2024-09-13,3,0.0,0.0,0.266,0.734,0.0,0.0,1.0,1.0
2024-09-13,4,0.157,0.0,0.121,0.721,2.0,0.0,2.0,1.0
2024-09-13,5,0.0,0.0,1.0,0.0,0.0,0.0,1.0,0.0
2024-09-13,6,0.666,0.0,0.295,0.039,1.0,0.0,1.0,1.0
2024-09-13,7,1.0,0.0,0.0,0.0,1.0,0.0,0.0,0.0
2024-09-13,8,0.38,0.0,0.305,0.315,1.0,0.0,2.0,1.0
2024-09-13,9,0.636,0.0,0.285,0.079,2.0,0.0,3.0,1.0
2024-09-13,10,1.0,0.0,0.0,0.0,1.0,0.0,0.0,0.0
2024-09-13,11,0.882,0.0,0.118,0.0,1.0,0.0,1.0,0.0
2024-09-13,12,0.0,0.0,0.252,0.748,0.0,0.0,2.0,1.0
2024-09-13,13,0.898,0.0,0.023,0.079,1.0,0.0,1.0,1.0
2024-09-13,14,0.282,0.0,0.669,0.049,2.0,0.0,2.0,1.0
2024-09-13,15,0.157,0.0,0.511,0.331,1.0,0.0,2.0,2.0
2024-09-13,16,0.948,0.0,0.0,0.052,1.0,0.0,0.0,1.0
2024-09-13,17,1.0,0.0,0.0,0.0,1.0,0.0,0.0,0.0
2024-09-13,18,0.531,0.0,0.469,0.0,1.0,0.0,1.0,0.0
2024-09-13,19,0.039,0.0,0.961,0.0,1.0,0.0,2.0,0.0
2024-09-13,20,0.108,0.0,0.577,0.315,1.0,0.0,1.0,1.0
2024-09-13,21,0.167,0.0,0.315,0.518,1.0,0.0,1.0,1.0
2024-09-13,22,0.613,0.0,0.0,0.387,1.0,0.0,0.0,1.0
2024-09-13,23,0.252,0.0,0.157,0.59,1.0,0.0,1.0,2.0
2024-09-14,0,0.0,0.0,0.37,0.63,0.0,0.0,2.0,2.0
2024-09-14,1,0.708,0.0,0.292,0.0,1.0,0.0,2.0,0.0
2024-09-14,2,0.0,0.0,0.007,0.993,0.0,0.0,1.0,1.0
2024-09-14,3,0.0,0.0,0.63,0.37,0.0,0.0,1.0,2.0
2024-09-14,4,0.0,0.0,0.043,0.957,0.0,0.0,2.0,2.0
2024-09-14,5,0.079,0.0,0.921,0.0,1.0,0.0,2.0,0.0
2024-09-14,6,0.0,0.0,0.728,0.272,0.0,0.0,1.0,1.0
2024-09-14,7,0.957,0.0,0.0,0.043,1.0,0.0,0.0,1.0
2024-09-14,8,1.0,0.0,0.0,0.0,1.0,0.0,0.0,0.0
2024-09-14,9,0.403,0.079,0.518,0.0,1.0,1.0,2.0,0.0
2024-09-14,10,0.456,0.0,0.348,0.197,1.0,0.0,1.0,1.0
2024-09-14,11,0.449,0.0,0.118,0.433,1.0,0.0,1.0,1.0
2024-09-14,12,0.843,0.0,0.0,0.157,1.0,0.0,0.0,1.0
2024-09-14,13,1.0,0.0,0.0,0.0,1.0,0.0,0.0,0.0
2024-09-14,14,0.085,0.0,0.167,0.748,2.0,0.0,3.0,2.0
2024-09-14,15,0.892,0.0,0.108,0.0,1.0,0.0,1.0,0.0
2024-09-14,16,0.921,0.079,0.0,0.0,2.0,1.0,0.0,0.0
2024-09-14,17,0.646,0.118,0.236,0.0,3.0,2.0,1.0,0.0
2024-09-14,18,0.885,0.0,0.115,0.0,1.0,0.0,1.0,0.0
2024-09-14,19,0.236,0.0,0.489,0.275,1.0,0.0,2.0,1.0
2024-09-14,20,0.157,0.0,0.774,0.069,1.0,0.0,2.0,1.0
2024-09-14,21,0.164,0.0,0.079,0.757,2.0,0.0,1.0,1.0
2024-09-14,22,0.426,0.0,0.315,0.259,2.0,0.0,2.0,1.0
2024-09-14,23,0.472,0.0,0.0,0.528,1.0,0.0,0.0,2.0
2024-09-15,0,0.826,0.0,0.118,0.056,1.0,0.0,1.0,1.0
2024-09-15,1,0.23,0.0,0.236,0.534,1.0,0.0,1.0,1.0
2024-09-15,2,0.203,0.0,0.315,0.482,1.0,0.0,2.0,2.0
2024-09-15,3,0.0,0.0,0.0,1.0,0.0,0.0,0.0,1.0
2024-09-15,4,0.0,0.0,0.59,0.41,0.0,0.0,1.0,2.0
2024-09-15,5,0.118,0.0,0.295,0.587,2.0,0.0,3.0,1.0
2024-09-15,6,0.039,0.0,0.374,0.587,1.0,0.0,2.0,1.0
2024-09-15,7,0.603,0.0,0.0,0.397,1.0,0.0,0.0,1.0
2024-09-15,8,0.892,0.0,0.108,0.0,1.0,0.0,1.0,0.0
2024-09-15,9,0.085,0.0,0.443,0.472,1.0,0.0,1.0,1.0
2024-09-15,10,1.0,0.0,0.0,0.0,1.0,0.0,0.0,0.0
2024-09-15,11,0.528,0.0,0.472,0.0,1.0,0.0,1.0,0.0
2024-09-15,12,0.331,0.0,0.236,0.433,1.0,0.0,2.0,1.0
2024-09-15,13,0.889,0.0,0.111,0.0,1.0,0.0,1.0,0.0
2024-09-15,14,0.0,0.0,0.636,0.364,0.0,0.0,1.0,2.0
2024-09-15,15,0.616,0.0,0.0,0.384,1.0,0.0,0.0,1.0
2024-09-15,16,1.0,0.0,0.0,0.0,1.0,0.0,0.0,0.0
2024-09-15,17,1.0,0.0,0.0,0.0,1.0,0.0,0.0,0.0
2024-09-15,18,0.295,0.039,0.511,0.154,2.0,1.0,2.0,2.0
2024-09-15,19,0.0,0.0,0.092,0.908,0.0,0.0,2.0,2.0
2024-09-15,20,0.0,0.0,0.931,0.069,0.0,0.0,1.0,1.0
2024-09-15,21,0.511,0.0,0.203,0.285,1.0,0.0,1.0,1.0
2024-09-15,22,0.0,0.0,0.449,0.551,0.0,0.0,3.0,2.0
2024-09-15,23,0.0,0.0,0.528,0.472,1.0,0.0,1.0,1.0
2024-09-16,0,0.567,0.0,0.079,0.354,1.0,0.0,1.0,1.0
2024-09-16,1,0.849,0.0,0.151,0.0,1.0,0.0,1.0,0.0
2024-09-16,2,0.0,0.0,0.4,0.6,0.0,0.0,1.0,1.0
2024-09-16,3,0.0,0.0,0.577,0.423,0.0,0.0,1.0,1.0
2024-09-16,4,0.157,0.0,0.489,0.354,1.0,0.0,2.0,1.0
2024-09-16,5,0.197,0.0,0.548,0.256,1.0,0.0,2.0,1.0
2024-09-16,6,0.705,0.0,0.0,0.295,1.0,0.0,0.0,1.0
2024-09-16,7,1.0,0.0,0.0,0.0,1.0,0.0,0.0,0.0
2024-09-16,8,0.577,0.0,0.354,0.069,1.0,0.0,1.0,1.0
2024-09-16,9,0.0,0.0,0.164,0.836,0.0,0.0,1.0,1.0
2024-09-16,10,0.534,0.0,0.348,0.118,1.0,0.0,1.0,1.0
2024-09-16,11,1.0,0.0,0.0,0.0,1.0,0.0,0.0,0.0
2024-09-16,12,0.433,0.0,0.315,0.252,1.0,0.0,1.0,1.0
2024-09-16,13,0.505,0.0,0.0,0.495,1.0,0.0,0.0,1.0
2024-09-16,14,0.292,0.0,0.511,0.197,3.0,0.0,2.0,1.0
2024-09-16,15,0.646,0.0,0.197,0.157,2.0,0.0,1.0,1.0
2024-09-16,16,1.0,0.0,0.0,0.0,1.0,0.0,0.0,0.0
2024-09-16,17,0.705,0.079,0.216,0.0,1.0,1.0,1.0,0.0
2024-09-16,18,0.079,0.0,0.921,0.0,1.0,0.0,2.0,0.0
2024-09-16,19,0.0,0.0,0.397,0.603,0.0,0.0,2.0,2.0
2024-09-16,20,0.63,0.0,0.315,0.056,2.0,0.0,2.0,2.0
2024-09-16,21,0.0,0.0,0.275,0.725,0.0,0.0,1.0,2.0
2024-09-16,22,0.0,0.0,0.298,0.702,0.0,0.0,2.0,2.0
2024-09-16,23,0.197,0.0,0.174,0.63,1.0,0.0,2.0,3.0
2024-09-17,0,0.866,0.0,0.134,0.0,1.0,0.0,1.0,0.0
2024-09-17,1,0.0,0.0,0.331,0.669,0.0,0.0,2.0,1.0
2024-09-17,2,0.0,0.0,0.793,0.207,0.0,0.0,1.0,1.0
2024-09-17,3,0.0,0.0,0.302,0.698,0.0,0.0,1.0,2.0
2024-09-17,4,0.079,0.0,0.567,0.354,1.0,0.0,3.0,1.0
2024-09-17,5,0.0,0.0,0.882,0.118,0.0,0.0,2.0,1.0
2024-09-17,6,0.351,0.0,0.531,0.118,1.0,0.0,3.0,2.0
2024-09-17,7,1.0,0.0,0.0,0.0,1.0,0.0,0.0,0.0
2024-09-17,8,0.803,0.0,0.197,0.0,3.0,0.0,2.0,0.0
2024-09-17,9,0.961,0.039,0.0,0.0,2.0,1.0,0.0,0.0
2024-09-17,10,0.41,0.118,0.472,0.0,3.0,1.0,2.0,0.0
2024-09-17,11,0.528,0.0,0.157,0.315,2.0,0.0,2.0,1.0
2024-09-17,12,0.433,0.0,0.315,0.252,1.0,0.0,1.0,1.0
2024-09-17,13,0.859,0.0,0.039,0.102,1.0,0.0,1.0,1.0
2024-09-17,14,0.046,0.118,0.787,0.049,2.0,1.0,3.0,2.0
2024-09-17,15,0.656,0.0,0.0,0.344,1.0,0.0,0.0,1.0
2024-09-17,16,1.0,0.0,0.0,0.0,1.0,0.0,0.0,0.0
2024-09-17,17,1.0,0.0,0.0,0.0,1.0,0.0,0.0,0.0
2024-09-17,18,0.885,0.0,0.115,0.0,2.0,0.0,2.0,0.0
2024-09-17,19,0.0,0.0,0.095,0.905,0.0,0.0,2.0,1.0
2024-09-17,20,0.0,0.0,0.498,0.502,0.0,0.0,1.0,1.0
2024-09-17,21,0.518,0.0,0.315,0.167,1.0,0.0,1.0,1.0
2024-09-17,22,0.662,0.0,0.079,0.259,1.0,0.0,1.0,1.0
2024-09-17,23,0.0,0.0,0.433,0.567,1.0,0.0,1.0,1.0
2024-09-18,0,0.0,0.0,0.252,0.748,0.0,0.0,3.0,2.0
2024-09-18,1,0.0,0.0,0.652,0.348,0.0,0.0,2.0,2.0
2024-09-18,2,0.0,0.0,0.246,0.754,0.0,0.0,1.0,1.0
2024-09-18,3,0.0,0.0,0.41,0.59,0.0,0.0,2.0,1.0
2024-09-18,4,0.003,0.0,0.997,0.0,1.0,0.0,1.0,0.0
2024-09-18,5,0.39,0.0,0.59,0.02,2.0,0.0,2.0,1.0
2024-09-18,6,0.39,0.079,0.079,0.452,2.0,1.0,2.0,2.0
2024-09-18,7,1.0,0.0,0.0,0.0,1.0,0.0,0.0,0.0
2024-09-18,8,0.892,0.0,0.108,0.0,1.0,0.0,1.0,0.0
2024-09-18,9,0.0,0.0,0.875,0.125,0.0,0.0,1.0,1.0
2024-09-18,10,0.77,0.0,0.0,0.23,1.0,0.0,0.0,1.0
2024-09-18,11,0.41,0.0,0.59,0.0,1.0,0.0,1.0,0.0
2024-09-18,12,0.528,0.0,0.472,0.0,1.0,0.0,1.0,0.0
2024-09-18,13,0.849,0.0,0.118,0.033,1.0,0.0,1.0,1.0
2024-09-18,14,0.433,0.0,0.315,0.252,2.0,0.0,2.0,2.0
2024-09-18,15,0.656,0.0,0.0,0.344,1.0,0.0,0.0,1.0
2024-09-18,16,1.0,0.0,0.0,0.0,1.0,0.0,0.0,0.0
2024-09-18,17,0.666,0.0,0.334,0.0,2.0,0.0,2.0,0.0
2024-09-18,18,0.075,0.0,0.413,0.511,1.0,0.0,1.0,1.0
2024-09-18,19,0.003,0.0,0.354,0.643,1.0,0.0,2.0,2.0
2024-09-18,20,0.069,0.0,0.433,0.498,1.0,0.0,1.0,2.0
2024-09-18,21,1.0,0.0,0.0,0.0,1.0,0.0,0.0,0.0
2024-09-18,22,0.466,0.0,0.236,0.298,1.0,0.0,2.0,2.0
2024-09-18,23,0.0,0.0,0.433,0.567,0.0,0.0,2.0,1.0
2024-09-20,0,0.0,0.0,1.0,0.0,0.0,0.0,1.0,0.0
2024-09-20,1,0.0,0.0,0.174,0.826,0.0,0.0,3.0,2.0
2024-09-20,2,0.0,0.0,1.0,0.0,0.0,0.0,1.0,0.0
2024-09-20,3,0.0,0.0,1.0,0.0,0.0,0.0,1.0,0.0
2024-09-20,4,0.039,0.039,0.607,0.315,1.0,1.0,2.0,1.0
2024-09-20,5,0.0,0.0,0.921,0.079,0.0,0.0,2.0,1.0
2024-09-20,6,0.548,0.0,0.452,0.0,1.0,0.0,1.0,0.0
2024-09-20,7,0.921,0.079,0.0,0.0,2.0,1.0,0.0,0.0
2024-09-20,8,1.0,0.0,0.0,0.0,1.0,0.0,0.0,0.0
2024-09-20,9,0.679,0.236,0.085,0.0,2.0,1.0,2.0,0.0
2024-09-20,10,0.259,0.275,0.348,0.118,1.0,2.0,2.0,1.0
2024-09-20,11,0.764,0.079,0.157,0.0,2.0,1.0,1.0,0.0
2024-09-20,12,0.449,0.0,0.157,0.393,1.0,0.0,2.0,1.0
2024-09-20,13,1.0,0.0,0.0,0.0,1.0,0.0,0.0,0.0
2024-09-20,14,0.085,0.0,0.511,0.403,2.0,0.0,2.0,2.0
2024-09-20,15,0.656,0.0,0.0,0.344,1.0,0.0,0.0,1.0
2024-09-20,16,0.8,0.0,0.2,0.0,1.0,0.0,1.0,0.0
2024-09-20,17,0.177,0.0,0.43,0.393,1.0,0.0,2.0,2.0
2024-09-20,18,0.57,0.0,0.154,0.275,3.0,0.0,3.0,1.0
2024-09-20,19,0.0,0.0,0.043,0.957,0.0,0.0,2.0,2.0
2024-09-20,20,0.0,0.0,0.63,0.37,0.0,0.0,1.0,2.0
2024-09-20,21,0.0,0.0,0.321,0.679,0.0,0.0,1.0,1.0
2024-09-20,22,0.59,0.0,0.308,0.102,2.0,0.0,3.0,1.0
2024-09-20,23,0.0,0.0,0.039,0.961,0.0,0.0,2.0,2.0
2024-09-21,0,0.0,0.0,0.748,0.252,0.0,0.0,1.0,1.0
2024-09-21,1,0.63,0.0,0.111,0.259,1.0,0.0,1.0,1.0
2024-09-21,2,0.0,0.0,0.567,0.433,0.0,0.0,2.0,1.0
2024-09-21,3,0.0,0.0,0.738,0.262,0.0,0.0,2.0,2.0
2024-09-21,4,0.0,0.0,0.987,0.013,0.0,0.0,2.0,1.0
2024-09-21,5,0.295,0.0,0.705,0.0,1.0,0.0,1.0,0.0
2024-09-21,6,0.02,0.0,0.98,0.0,1.0,0.0,1.0,0.0
2024-09-21,7,0.918,0.0,0.082,0.0,1.0,0.0,1.0,0.0
2024-09-21,8,1.0,0.0,0.0,0.0,1.0,0.0,0.0,0.0
2024-09-21,9,0.331,0.0,0.551,0.118,2.0,0.0,1.0,1.0
2024-09-21,10,1.0,0.0,0.0,0.0,1.0,0.0,0.0,0.0
2024-09-21,11,0.843,0.0,0.157,0.0,1.0,0.0,1.0,0.0
2024-09-21,12,0.826,0.0,0.095,0.079,1.0,0.0,2.0,1.0
2024-09-21,13,0.19,0.0,0.102,0.708,1.0,0.0,2.0,1.0
2024-09-21,14,0.046,0.079,0.511,0.364,1.0,1.0,1.0,1.0
2024-09-21,15,0.656,0.0,0.0,0.344,1.0,0.0,0.0,1.0
2024-09-21,16,1.0,0.0,0.0,0.0,1.0,0.0,0.0,0.0
2024-09-21,17,1.0,0.0,0.0,0.0,1.0,0.0,0.0,0.0
2024-09-21,18,0.807,0.0,0.118,0.075,1.0,0.0,1.0,1.0
2024-09-21,19,0.0,0.0,0.407,0.593,0.0,0.0,2.0,2.0
2024-09-21,20,0.03,0.0,0.184,0.787,1.0,0.0,2.0,1.0
2024-09-21,21,1.0,0.0,0.0,0.0,1.0,0.0,0.0,0.0
2024-09-21,22,0.584,0.0,0.0,0.416,1.0,0.0,0.0,1.0
2024-09-21,23,0.0,0.0,0.433,0.567,0.0,0.0,2.0,1.0
2024-09-22,0,0.0,0.0,0.095,0.905,0.0,0.0,2.0,1.0
2024-09-22,1,0.0,0.0,0.81,0.19,0.0,0.0,1.0,1.0
2024-09-22,2,0.511,0.0,0.089,0.4,1.0,0.0,1.0,1.0
2024-09-22,3,0.0,0.0,0.58,0.42,0.0,0.0,1.0,1.0
2024-09-22,4,0.0,0.0,0.669,0.331,0.0,0.0,1.0,2.0
2024-09-22,5,0.02,0.079,0.433,0.469,1.0,1.0,1.0,1.0
2024-09-22,6,0.098,0.0,0.63,0.272,2.0,0.0,2.0,1.0
2024-09-22,7,0.354,0.0,0.525,0.121,2.0,0.0,2.0,1.0
2024-09-22,8,0.423,0.0,0.577,0.0,1.0,0.0,1.0,0.0
2024-09-22,9,0.679,0.0,0.315,0.007,1.0,0.0,1.0,1.0
2024-09-22,10,0.574,0.0,0.197,0.23,1.0,0.0,2.0,2.0
2024-09-22,11,1.0,0.0,0.0,0.0,1.0,0.0,0.0,0.0
2024-09-22,12,1.0,0.0,0.0,0.0,1.0,0.0,0.0,0.0
2024-09-22,13,0.534,0.039,0.315,0.111,2.0,1.0,2.0,1.0
2024-09-22,14,0.039,0.0,0.472,0.489,1.0,0.0,2.0,3.0
2024-09-22,15,0.498,0.0,0.039,0.462,1.0,0.0,1.0,2.0
2024-09-22,16,0.961,0.039,0.0,0.0,2.0,1.0,0.0,0.0
2024-09-22,17,1.0,0.0,0.0,0.0,1.0,0.0,0.0,0.0
2024-09-22,18,0.492,0.0,0.315,0.193,1.0,0.0,1.0,1.0
2024-09-22,19,0.0,0.0,0.367,0.633,0.0,0.0,2.0,2.0
2024-09-22,20,0.0,0.0,0.341,0.659,0.0,0.0,1.0,1.0
2024-09-22,21,0.125,0.0,0.079,0.797,1.0,0.0,1.0,1.0
2024-09-22,22,0.348,0.0,0.551,0.102,1.0,0.0,1.0,1.0
2024-09-22,23,0.0,0.0,0.393,0.607,0.0,0.0,2.0,1.0
2024-09-23,0,0.0,0.0,0.489,0.511,0.0,0.0,2.0,1.0
2024-09-23,1,0.0,0.0,0.967,0.033,0.0,0.0,1.0,1.0
2024-09-23,2,0.0,0.0,0.01,0.99,0.0,0.0,1.0,1.0
2024-09-23,3,0.0,0.0,0.41,0.59,0.0,0.0,2.0,1.0
2024-09-23,4,0.118,0.0,0.882,0.0,1.0,0.0,2.0,0.0
2024-09-23,5,0.0,0.0,0.882,0.118,0.0,0.0,2.0,1.0
2024-09-23,6,0.351,0.0,0.295,0.354,1.0,0.0,1.0,1.0
2024-09-23,7,1.0,0.0,0.0,0.0,1.0,0.0,0.0,0.0
2024-09-23,8,1.0,0.0,0.0,0.0,1.0,0.0,0.0,0.0
2024-09-23,9,1.0,0.0,0.0,0.0,1.0,0.0,0.0,0.0
2024-09-23,10,0.843,0.039,0.118,0.0,3.0,1.0,1.0,0.0
2024-09-23,11,0.921,0.079,0.0,0.0,3.0,2.0,0.0,0.0
2024-09-23,12,1.0,0.0,0.0,0.0,1.0,0.0,0.0,0.0
2024-09-23,13,0.449,0.0,0.197,0.354,2.0,0.0,4.0,3.0
2024-09-23,14,0.125,0.0,0.393,0.482,2.0,0.0,2.0,2.0
2024-09-23,15,0.813,0.0,0.0,0.187,1.0,0.0,0.0,1.0
2024-09-23,16,1.0,0.0,0.0,0.0,2.0,0.0,0.0,0.0
2024-09-23,17,1.0,0.0,0.0,0.0,1.0,0.0,0.0,0.0
2024-09-23,18,0.846,0.0,0.079,0.075,1.0,0.0,1.0,1.0
2024-09-23,19,0.0,0.0,0.21,0.79,0.0,0.0,4.0,4.0
2024-09-23,20,0.0,0.0,0.538,0.462,0.0,0.0,1.0,1.0
2024-09-23,21,0.951,0.0,0.0,0.049,1.0,0.0,0.0,1.0
2024-09-23,22,0.898,0.0,0.0,0.102,1.0,0.0,0.0,1.0
2024-09-23,23,0.0,0.0,0.0,1.0,0.0,0.0,1.0,1.0
2024-09-24,0,0.0,0.0,0.528,0.472,0.0,0.0,1.0,1.0
2024-09-24,1,0.0,0.0,0.062,0.938,0.0,0.0,2.0,2.0
2024-09-24,2,0.0,0.0,0.836,0.164,0.0,0.0,1.0,1.0
2024-09-24,3,0.0,0.0,0.331,0.669,0.0,0.0,2.0,1.0
2024-09-24,4,0.079,0.0,0.331,0.59,1.0,0.0,2.0,1.0
2024-09-24,5,0.118,0.0,0.744,0.138,1.0,0.0,2.0,1.0
2024-09-24,6,0.115,0.0,0.433,0.452,1.0,0.0,1.0,1.0
2024-09-24,7,1.0,0.0,0.0,0.0,1.0,0.0,0.0,0.0
2024-09-24,8,1.0,0.0,0.0,0.0,1.0,0.0,0.0,0.0
2024-09-24,9,1.0,0.0,0.0,0.0,1.0,0.0,0.0,0.0
2024-09-24,10,0.489,0.0,0.275,0.236,2.0,0.0,2.0,1.0
2024-09-24,11,0.331,0.0,0.079,0.59,1.0,0.0,1.0,1.0
2024-09-24,12,0.213,0.0,0.315,0.472,2.0,0.0,1.0,1.0
2024-09-24,13,0.685,0.315,0.0,0.0,2.0,2.0,0.0,0.0
2024-09-24,14,0.164,0.079,0.315,0.443,2.0,1.0,2.0,2.0
2024-09-24,15,0.066,0.0,0.59,0.344,1.0,0.0,1.0,2.0
2024-09-24,16,0.607,0.315,0.079,0.0,2.0,2.0,1.0,0.0
2024-09-24,17,1.0,0.0,0.0,0.0,1.0,0.0,0.0,0.0
2024-09-24,18,0.607,0.393,0.0,0.0,2.0,1.0,0.0,0.0
2024-09-24,19,0.554,0.0,0.0,0.446,1.0,0.0,0.0,1.0
2024-09-24,20,0.0,0.0,0.0,1.0,0.0,0.0,0.0,1.0
2024-09-24,21,0.0,0.0,0.63,0.37,0.0,0.0,1.0,2.0
2024-09-24,22,0.0,0.0,0.079,0.921,0.0,0.0,1.0,2.0
2024-09-24,23,0.787,0.0,0.079,0.134,2.0,0.0,2.0,2.0
2024-09-26,0,0.961,0.0,0.0,0.039,1.0,0.0,0.0,1.0
2024-09-26,1,0.889,0.0,0.0,0.111,1.0,0.0,0.0,1.0
2024-09-26,2,0.0,0.0,0.207,0.793,0.0,0.0,2.0,2.0
2024-09-26,3,0.0,0.0,0.226,0.774,0.0,0.0,1.0,1.0
2024-09-26,4,0.236,0.0,0.357,0.407,1.0,0.0,2.0,2.0
2024-09-26,5,0.0,0.0,0.233,0.767,0.0,0.0,4.0,4.0
2024-09-26,6,0.787,0.0,0.154,0.059,1.0,0.0,2.0,1.0
2024-09-26,7,0.013,0.0,0.279,0.708,1.0,0.0,2.0,1.0
2024-09-26,8,1.0,0.0,0.0,0.0,1.0,0.0,0.0,0.0
2024-09-26,9,0.128,0.0,0.748,0.125,1.0,0.0,1.0,1.0
2024-09-26,10,0.574,0.0,0.157,0.269,1.0,0.0,2.0,2.0
2024-09-26,11,0.843,0.0,0.157,0.0,1.0,0.0,1.0,1.0
2024-09-26,12,0.0,0.0,0.331,0.669,0.0,0.0,3.0,3.0
2024-09-26,13,0.472,0.039,0.489,0.0,1.0,1.0,2.0,0.0
2024-09-26,14,0.0,0.0,0.292,0.708,0.0,0.0,2.0,1.0
2024-09-26,15,0.931,0.0,0.069,0.0,1.0,0.0,1.0,0.0
2024-09-26,16,0.879,0.003,0.118,0.0,1.0,1.0,1.0,0.0
2024-09-26,17,0.964,0.036,0.0,0.0,1.0,1.0,0.0,0.0
2024-09-26,18,0.492,0.0,0.275,0.233,1.0,0.0,2.0,2.0
2024-09-26,19,0.118,0.0,0.315,0.567,1.0,0.0,1.0,2.0
2024-09-26,20,0.0,0.0,0.079,0.921,0.0,0.0,1.0,2.0
2024-09-26,21,0.0,0.0,0.518,0.482,0.0,0.0,1.0,1.0
2024-09-26,22,0.0,0.0,0.111,0.889,0.0,0.0,1.0,1.0
2024-09-26,23,0.039,0.0,0.354,0.607,1.0,0.0,3.0,3.0
2024-09-27,0,0.0,0.0,0.315,0.685,0.0,0.0,1.0,1.0
2024-09-27,1,0.039,0.0,0.269,0.692,1.0,0.0,1.0,1.0
2024-09-27,2,0.0,0.0,1.0,0.0,0.0,0.0,1.0,0.0
2024-09-27,3,0.0,0.0,0.567,0.433,0.0,0.0,3.0,3.0
2024-09-27,4,0.118,0.0,0.725,0.157,1.0,0.0,2.0,1.0
2024-09-27,5,0.0,0.0,1.0,0.0,0.0,0.0,1.0,0.0
2024-09-27,6,0.0,0.0,0.646,0.354,0.0,0.0,2.0,1.0
2024-09-27,7,0.0,0.0,1.0,0.0,0.0,0.0,1.0,0.0
2024-09-27,8,0.305,0.0,0.695,0.0,1.0,0.0,1.0,0.0
2024-09-27,9,1.0,0.0,0.0,0.0,1.0,0.0,0.0,0.0
2024-09-27,10,1.0,0.0,0.0,0.0,1.0,0.0,0.0,0.0
2024-09-27,11,1.0,0.0,0.0,0.0,1.0,0.0,0.0,0.0
2024-09-27,12,0.472,0.0,0.236,0.292,1.0,0.0,1.0,1.0
2024-09-27,13,0.511,0.039,0.269,0.18,1.0,1.0,2.0,1.0
2024-09-27,14,0.482,0.472,0.046,0.0,1.0,1.0,1.0,0.0
2024-09-27,15,0.305,0.498,0.197,0.0,1.0,2.0,1.0,0.0
2024-09-27,16,0.239,0.682,0.079,0.0,1.0,2.0,1.0,0.0
2024-09-27,17,1.0,0.0,0.0,0.0,1.0,0.0,0.0,0.0
2024-09-27,18,0.374,0.0,0.157,0.469,2.0,0.0,1.0,1.0
2024-09-27,19,0.0,0.0,0.0,1.0,0.0,0.0,0.0,1.0
2024-09-27,20,0.0,0.0,0.393,0.607,0.0,0.0,1.0,2.0
2024-09-27,21,0.0,0.0,0.0,1.0,0.0,0.0,0.0,1.0
2024-09-27,22,0.0,0.0,0.393,0.607,0.0,0.0,1.0,2.0
2024-09-27,23,0.0,0.0,0.315,0.685,0.0,0.0,2.0,1.0
2024-09-28,0,0.0,0.0,0.472,0.528,0.0,0.0,2.0,2.0
2024-09-28,1,0.0,0.0,0.387,0.613,0.0,0.0,3.0,3.0
2024-09-28,2,0.0,0.0,0.951,0.049,0.0,0.0,1.0,1.0
2024-09-28,3,0.0,0.0,0.262,0.738,0.0,0.0,1.0,1.0
2024-09-28,4,0.0,0.0,1.0,0.0,0.0,0.0,1.0,0.0
2024-09-28,5,0.157,0.0,0.292,0.551,1.0,0.0,3.0,1.0
2024-09-28,6,0.0,0.0,1.0,0.0,0.0,0.0,1.0,0.0
2024-09-28,7,0.957,0.0,0.043,0.0,1.0,0.0,1.0,0.0
2024-09-28,8,1.0,0.0,0.0,0.0,1.0,0.0,0.0,0.0
2024-09-28,9,0.679,0.0,0.321,0.0,1.0,0.0,1.0,0.0
2024-09-28,10,0.298,0.0,0.308,0.393,1.0,0.0,1.0,1.0
2024-09-28,11,0.489,0.0,0.275,0.236,1.0,0.0,1.0,1.0
2024-09-28,12,0.607,0.0,0.0,0.393,1.0,0.0,0.0,1.0
2024-09-28,13,0.921,0.0,0.079,0.0,2.0,0.0,1.0,0.0
2024-09-28,14,0.046,0.079,0.433,0.443,1.0,2.0,2.0,1.0
2024-09-28,15,0.931,0.0,0.0,0.069,1.0,0.0,0.0,1.0
2024-09-28,16,0.407,0.0,0.197,0.397,1.0,0.0,1.0,1.0
2024-09-28,17,0.413,0.0,0.551,0.036,3.0,0.0,2.0,1.0
2024-09-28,18,0.61,0.0,0.0,0.39,1.0,0.0,0.0,1.0
2024-09-28,19,0.0,0.0,0.131,0.869,0.0,0.0,1.0,1.0
2024-09-28,20,0.502,0.0,0.498,0.0,1.0,0.0,1.0,0.0
2024-09-28,21,1.0,0.0,0.0,0.0,1.0,0.0,0.0,0.0
2024-09-28,22,0.23,0.0,0.039,0.731,1.0,0.0,1.0,1.0
2024-09-28,23,0.0,0.0,0.472,0.528,0.0,0.0,2.0,2.0
2024-09-29,0,0.0,0.0,0.489,0.511,0.0,0.0,2.0,2.0
2024-09-29,1,0.0,0.0,0.613,0.387,0.0,0.0,1.0,1.0
2024-09-29,2,0.0,0.0,0.207,0.793,0.0,0.0,2.0,2.0
2024-09-29,3,0.0,0.0,1.0,0.0,0.0,0.0,1.0,0.0
2024-09-29,4,0.0,0.0,0.37,0.63,0.0,0.0,2.0,1.0
2024-09-29,5,0.02,0.0,0.98,0.0,1.0,0.0,1.0,0.0
2024-09-29,6,0.059,0.0,0.866,0.075,1.0,0.0,1.0,1.0
2024-09-29,7,0.485,0.0,0.197,0.318,1.0,0.0,1.0,1.0
2024-09-29,8,1.0,0.0,0.0,0.0,1.0,0.0,0.0,0.0
2024-09-29,9,1.0,0.0,0.0,0.0,1.0,0.0,0.0,0.0
2024-09-29,10,1.0,0.0,0.0,0.0,1.0,0.0,0.0,0.0
2024-09-29,11,1.0,0.0,0.0,0.0,1.0,0.0,0.0,0.0
2024-09-29,12,0.449,0.0,0.0,0.551,2.0,0.0,0.0,1.0
2024-09-29,13,0.534,0.197,0.079,0.19,1.0,1.0,1.0,1.0
2024-09-29,14,0.0,0.0,0.0,1.0,0.0,0.0,0.0,1.0
2024-09-29,15,0.931,0.0,0.0,0.069,1.0,0.0,0.0,1.0
2024-09-29,16,0.725,0.0,0.275,0.0,2.0,0.0,1.0,0.0
2024-09-29,17,0.921,0.0,0.079,0.0,2.0,0.0,1.0,0.0
2024-09-29,18,0.649,0.0,0.0,0.351,1.0,0.0,0.0,1.0
2024-09-29,19,0.0,0.0,0.17,0.83,0.0,0.0,1.0,1.0
2024-09-29,20,0.0,0.0,0.262,0.738,0.0,0.0,1.0,1.0
2024-09-29,21,0.0,0.0,0.59,0.41,0.0,0.0,1.0,2.0
2024-09-29,22,0.079,0.0,0.692,0.23,1.0,0.0,1.0,1.0
2024-09-29,23,0.0,0.0,0.095,0.905,0.0,0.0,1.0,2.0
2024-09-30,0,0.0,0.0,0.843,0.157,0.0,0.0,1.0,1.0
2024-09-30,1,0.0,0.0,0.102,0.898,0.0,0.0,1.0,1.0
2024-09-30,2,0.0,0.0,0.521,0.479,0.0,0.0,2.0,2.0
2024-09-30,3,0.0,0.0,0.567,0.433,0.0,0.0,2.0,1.0
2024-09-30,4,0.118,0.0,0.882,0.0,1.0,0.0,2.0,0.0
2024-09-30,5,0.0,0.0,0.98,0.02,0.0,0.0,1.0,1.0
2024-09-30,6,0.666,0.0,0.0,0.334,1.0,0.0,0.0,1.0
2024-09-30,7,1.0,0.0,0.0,0.0,1.0,0.0,0.0,0.0
2024-09-30,8,0.341,0.0,0.659,0.0,1.0,0.0,1.0,0.0
2024-09-30,9,0.0,0.0,1.0,0.0,0.0,0.0,1.0,0.0
2024-09-30,10,0.141,0.0,0.859,0.0,3.0,0.0,3.0,0.0
2024-09-30,11,0.921,0.0,0.079,0.0,2.0,0.0,1.0,0.0
2024-09-30,12,1.0,0.0,0.0,0.0,1.0,0.0,0.0,0.0
2024-09-30,13,0.102,0.0,0.236,0.662,1.0,0.0,2.0,2.0
2024-09-30,14,0.167,0.0,0.472,0.361,2.0,0.0,2.0,2.0
2024-09-30,15,0.331,0.0,0.59,0.079,2.0,0.0,2.0,2.0
2024-09-30,16,1.0,0.0,0.0,0.0,1.0,0.0,0.0,0.0
2024-09-30,17,0.961,0.039,0.0,0.0,2.0,1.0,0.0,0.0
2024-09-30,18,0.57,0.0,0.236,0.193,1.0,0.0,2.0,2.0
2024-09-30,19,0.0,0.0,0.485,0.515,0.0,0.0,7.0,7.0
2024-09-30,20,0.0,0.0,0.459,0.541,0.0,0.0,1.0,1.0
2024-09-30,21,0.0,0.0,0.282,0.718,0.0,0.0,1.0,1.0
2024-09-30,22,0.039,0.0,0.646,0.315,1.0,0.0,3.0,1.0
2024-09-30,23,0.0,0.0,0.607,0.393,0.0,0.0,1.0,2.0
2024-10-01,0,0.0,0.0,0.803,0.197,0.0,0.0,2.0,2.0
2024-10-01,1,0.0,0.0,0.77,0.23,0.0,0.0,2.0,2.0
2024-10-01,2,0.0,0.0,0.167,0.833,0.0,0.0,2.0,2.0
2024-10-01,3,0.0,0.0,0.895,0.105,0.0,0.0,1.0,1.0
2024-10-01,4,0.157,0.0,0.436,0.407,1.0,0.0,3.0,2.0
2024-10-01,5,0.0,0.0,1.0,0.0,0.0,0.0,1.0,0.0
2024-10-01,6,0.862,0.0,0.138,0.0,1.0,0.0,1.0,0.0
2024-10-01,7,1.0,0.0,0.0,0.0,1.0,0.0,0.0,0.0
2024-10-01,8,1.0,0.0,0.0,0.0,1.0,0.0,0.0,0.0
2024-10-01,9,0.803,0.0,0.197,0.0,2.0,0.0,1.0,0.0
2024-10-01,10,0.544,0.0,0.354,0.102,1.0,0.0,1.0,1.0
2024-10-01,11,0.0,0.0,0.63,0.37,0.0,0.0,1.0,1.0
2024-10-01,12,0.079,0.0,0.921,0.0,1.0,0.0,2.0,0.0
2024-10-01,13,0.033,0.0,0.928,0.039,1.0,0.0,1.0,1.0
2024-10-01,14,0.085,0.0,0.915,0.0,1.0,0.0,1.0,0.0
2024-10-01,15,0.433,0.0,0.567,0.0,2.0,0.0,3.0,0.0
2024-10-01,16,0.0,0.0,1.0,0.0,0.0,0.0,1.0,0.0
2024-10-01,17,0.079,0.0,0.921,0.0,2.0,0.0,3.0,0.0
2024-10-01,18,0.0,0.0,0.961,0.039,0.0,0.0,2.0,1.0
2024-10-01,19,0.0,0.0,1.0,0.0,0.0,0.0,1.0,0.0
2024-10-01,20,0.0,0.0,1.0,0.0,0.0,0.0,1.0,0.0
2024-10-01,21,0.0,0.0,1.0,0.0,0.0,0.0,1.0,0.0
2024-10-01,22,0.551,0.0,0.449,0.0,1.0,0.0,2.0,0.0
2024-10-01,23,0.0,0.0,1.0,0.0,0.0,0.0,1.0,1.0
2024-10-02,0,0.803,0.0,0.197,0.0,1.0,0.0,1.0,0.0
2024-10-02,1,0.495,0.0,0.275,0.23,3.0,0.0,2.0,1.0
2024-10-02,2,0.118,0.0,0.482,0.4,1.0,0.0,2.0,2.0
2024-10-02,3,0.0,0.0,1.0,0.0,0.0,0.0,1.0,0.0
2024-10-02,4,0.118,0.0,0.843,0.039,1.0,0.0,3.0,1.0
2024-10-02,5,0.0,0.0,0.587,0.413,0.0,0.0,4.0,4.0
2024-10-02,6,0.666,0.0,0.236,0.098,2.0,0.0,1.0,1.0
2024-10-02,7,1.0,0.0,0.0,0.0,1.0,0.0,0.0,0.0
2024-10-02,8,0.37,0.0,0.63,0.0,2.0,0.0,1.0,0.0
2024-10-02,9,1.0,0.0,0.0,0.0,1.0,0.0,0.0,0.0
2024-10-02,10,0.19,0.0,0.574,0.236,1.0,0.0,2.0,1.0
2024-10-02,11,0.551,0.0,0.449,0.0,1.0,0.0,2.0,0.0
2024-10-02,12,0.433,0.0,0.567,0.0,2.0,0.0,3.0,0.0
2024-10-02,13,0.702,0.039,0.259,0.0,1.0,1.0,1.0,0.0
2024-10-02,14,0.636,0.0,0.128,0.236,1.0,0.0,2.0,1.0
2024-10-02,15,0.0,0.0,0.292,0.708,0.0,0.0,2.0,1.0
2024-10-02,16,0.948,0.0,0.052,0.0,1.0,0.0,1.0,0.0
2024-10-02,17,1.0,0.0,0.0,0.0,1.0,0.0,0.0,0.0
2024-10-02,18,0.334,0.0,0.157,0.508,1.0,0.0,1.0,1.0
2024-10-02,19,0.079,0.0,0.289,0.633,1.0,0.0,3.0,2.0
2024-10-02,20,0.0,0.0,0.725,0.275,0.0,0.0,3.0,2.0
2024-10-02,21,0.197,0.0,0.567,0.236,1.0,0.0,2.0,1.0
2024-10-02,22,0.0,0.0,0.252,0.748,0.0,0.0,2.0,1.0
2024-10-02,23,0.0,0.0,0.803,0.197,0.0,0.0,3.0,1.0
2024-10-07,0,0.0,0.0,0.63,0.37,0.0,0.0,1.0,2.0
2024-10-07,1,0.157,0.0,0.511,0.331,1.0,0.0,1.0,2.0
2024-10-07,2,0.0,0.0,0.59,0.41,0.0,0.0,1.0,2.0
2024-10-07,3,0.0,0.0,0.262,0.738,0.0,0.0,1.0,1.0
2024-10-07,4,0.0,0.0,0.528,0.472,0.0,0.0,2.0,1.0
2024-10-07,5,0.079,0.039,0.882,0.0,1.0,1.0,2.0,0.0
2024-10-07,6,0.154,0.079,0.374,0.393,1.0,1.0,2.0,1.0
2024-10-07,7,1.0,0.0,0.0,0.0,1.0,0.0,0.0,0.0
2024-10-07,8,0.38,0.0,0.62,0.0,1.0,0.0,1.0,0.0
2024-10-07,9,0.0,0.0,0.646,0.354,0.0,0.0,2.0,1.0
2024-10-07,10,0.393,0.0,0.348,0.259,2.0,0.0,3.0,1.0
2024-10-07,11,0.118,0.0,0.59,0.292,1.0,0.0,2.0,1.0
2024-10-07,12,0.0,0.0,0.685,0.315,0.0,0.0,2.0,1.0
2024-10-07,13,0.118,0.0,0.882,0.0,1.0,0.0,2.0,0.0
2024-10-07,14,0.0,0.0,0.528,0.472,0.0,0.0,2.0,1.0
2024-10-07,15,0.852,0.079,0.069,0.0,2.0,1.0,1.0,0.0
2024-10-07,16,0.8,0.2,0.0,0.0,1.0,1.0,0.0,0.0
2024-10-07,17,0.0,1.0,0.0,0.0,0.0,1.0,0.0,0.0
2024-10-07,18,0.0,0.689,0.311,0.0,0.0,1.0,1.0,0.0
2024-10-07,19,0.275,0.0,0.725,0.0,1.0,0.0,2.0,0.0
2024-10-07,20,0.58,0.0,0.38,0.039,2.0,0.0,2.0,1.0
2024-10-07,21,0.207,0.0,0.197,0.597,1.0,0.0,1.0,1.0
2024-10-07,22,0.0,0.0,0.889,0.111,0.0,0.0,1.0,1.0
2024-10-07,23,0.944,0.0,0.056,0.0,1.0,0.0,1.0,1.0
2024-10-28,0,0.0,0.0,1.0,0.0,0.0,0.0,1.0,0.0
2024-10-28,1,0.0,0.0,1.0,0.0,0.0,0.0,1.0,0.0
2024-10-28,2,0.0,0.0,1.0,0.0,0.0,0.0,1.0,0.0
2024-10-28,3,0.0,0.0,1.0,0.0,0.0,0.0,1.0,0.0
2024-10-28,4,0.0,0.0,0.957,0.043,0.0,0.0,1.0,1.0
2024-10-28,5,0.0,0.0,0.57,0.43,0.0,0.0,3.0,3.0
2024-10-28,6,0.0,0.0,1.0,0.0,0.0,0.0,1.0,0.0
2024-10-28,7,0.0,0.0,1.0,0.0,0.0,0.0,1.0,0.0
2024-10-28,8,0.0,0.0,1.0,0.0,0.0,0.0,1.0,0.0
2024-10-28,9,0.0,0.0,1.0,0.0,0.0,0.0,1.0,0.0
2024-10-28,10,0.0,0.0,1.0,0.0,0.0,0.0,1.0,0.0
2024-10-28,11,0.0,0.0,1.0,0.0,0.0,0.0,1.0,0.0
2024-10-28,12,0.0,0.0,1.0,0.0,0.0,0.0,1.0,0.0
2024-10-28,13,0.0,0.0,1.0,0.0,0.0,0.0,1.0,0.0
2024-10-28,14,0.0,0.0,0.764,0.236,0.0,0.0,3.0,2.0
2024-10-28,15,0.0,0.0,1.0,0.0,0.0,0.0,1.0,0.0
2024-10-28,16,0.0,0.0,1.0,0.0,0.0,0.0,1.0,0.0
2024-10-28,17,0.0,0.0,1.0,0.0,0.0,0.0,1.0,0.0
2024-10-28,18,0.0,0.0,1.0,0.0,0.0,0.0,1.0,0.0
2024-10-28,19,0.0,0.0,1.0,0.0,0.0,0.0,1.0,0.0
2024-10-28,20,0.0,0.0,1.0,0.0,0.0,0.0,1.0,0.0
2024-10-28,21,0.0,0.0,1.0,0.0,0.0,0.0,1.0,0.0
2024-10-28,22,0.0,0.0,1.0,0.0,0.0,0.0,1.0,0.0
2024-10-28,23,0.0,0.0,1.0,0.0,0.0,0.0,2.0,0.0
2024-10-29,0,0.0,0.0,1.0,0.0,0.0,0.0,1.0,0.0
2024-10-29,1,0.0,0.0,1.0,0.0,0.0,0.0,1.0,0.0
2024-10-29,2,0.0,0.0,1.0,0.0,0.0,0.0,1.0,0.0
2024-10-29,3,0.0,0.0,1.0,0.0,0.0,0.0,1.0,0.0
2024-10-29,4,0.0,0.0,1.0,0.0,0.0,0.0,1.0,0.0
2024-10-29,5,0.0,0.0,0.154,0.846,0.0,0.0,2.0,2.0
2024-10-29,6,0.0,0.0,0.744,0.256,0.0,0.0,1.0,1.0
2024-10-29,7,0.0,0.0,1.0,0.0,0.0,0.0,1.0,0.0
2024-10-29,8,0.0,0.0,1.0,0.0,0.0,0.0,1.0,0.0
2024-10-29,9,0.0,0.0,1.0,0.0,0.0,0.0,1.0,0.0
2024-10-29,10,0.0,0.0,1.0,0.0,0.0,0.0,1.0,0.0
2024-10-29,11,0.0,0.0,1.0,0.0,0.0,0.0,1.0,0.0
2024-10-29,12,0.0,0.0,1.0,0.0,0.0,0.0,1.0,0.0
2024-10-29,13,0.0,0.0,1.0,0.0,0.0,0.0,1.0,0.0
2024-10-29,14,0.0,0.0,0.675,0.325,0.0,0.0,2.0,3.0
2024-10-29,15,0.0,0.0,0.0,1.0,0.0,0.0,0.0,1.0
2024-10-29,16,0.0,0.0,0.83,0.17,0.0,0.0,1.0,1.0
2024-10-29,17,0.0,0.0,1.0,0.0,0.0,0.0,1.0,0.0
2024-10-29,18,0.0,0.0,1.0,0.0,0.0,0.0,1.0,0.0
2024-10-29,19,0.0,0.0,1.0,0.0,0.0,0.0,1.0,0.0
2024-10-29,20,0.0,0.0,1.0,0.0,0.0,0.0,1.0,0.0
2024-10-29,21,0.0,0.0,1.0,0.0,0.0,0.0,1.0,0.0
2024-10-29,22,0.0,0.0,1.0,0.0,0.0,0.0,1.0,0.0
2024-10-29,23,0.0,0.0,1.0,0.0,0.0,0.0,2.0,0.0
