Fecha,Hora,period eating,period other,period resting,period rumination,period eating_count,period other_count,period resting_count,period rumination_count,nivel_actividad,distancia,nivel_estres
2024-09-08,0,0.393,0.0,0.41,0.197,1.0,0.0,3.0,2.0,-0.0698906112842895,0.12473881911599446,Normal
2024-09-08,1,0.0,0.0,0.41,0.59,0.0,0.0,2.0,1.0,-0.1570008799243005,0.12820124666211433,Normal
2024-09-08,2,0.0,0.0,1.0,0.0,0.0,0.0,1.0,0.0,-0.5884404463252663,0.14166827481630673,Normal
2024-09-08,3,0.0,0.0,0.37,0.63,0.0,0.0,3.0,2.0,-0.1277507398293199,0.046931685240580674,Normal
2024-09-08,4,0.0,0.0,0.646,0.354,0.0,0.0,2.0,1.0,-0.3295767064846869,0.14078382014595212,Normal
2024-09-08,5,0.177,0.0,0.744,0.079,1.0,0.0,3.0,2.0,-0.3620066806352472,0.11710678374150785,Normal
2024-09-08,6,0.059,0.0,0.941,0.0,1.0,0.0,1.0,0.0,-0.5322188666577888,0.07707998898997707,Normal
2024-09-08,7,0.603,0.0,0.239,0.157,1.0,0.0,1.0,1.0,0.1015583963580761,0.05893274613208324,Normal
2024-09-08,8,1.0,0.0,0.0,0.0,1.0,0.0,0.0,0.0,0.3644676836319772,0.06303441174380481,Normal
2024-09-08,9,0.521,0.0,0.315,0.164,1.0,0.0,1.0,1.0,0.0279502637718785,0.057337495050857085,Normal
2024-09-08,10,0.0,0.0,0.0,1.0,0.0,0.0,0.0,1.0,0.1428130560492518,0.058993672262119504,Normal
2024-09-08,11,0.393,0.0,0.354,0.252,1.0,0.0,1.0,1.0,-0.0290832282073657,0.11588292717411894,Normal
2024-09-08,12,0.748,0.252,0.0,0.0,1.0,1.0,0.0,0.0,0.2669555820652356,0.13556235295080954,Normal
2024-09-08,13,0.0,0.77,0.197,0.033,0.0,1.0,1.0,1.0,-0.1285234643559846,0.074252540831673,Normal
2024-09-08,14,0.0,0.0,0.521,0.479,0.0,0.0,1.0,1.0,-0.2381700186878721,0.04677712494493491,Normal
2024-09-08,15,0.774,0.0,0.069,0.157,1.0,0.0,1.0,1.0,0.2639172461344395,0.09692969041852802,Normal
2024-09-08,16,1.0,0.0,0.0,0.0,1.0,0.0,0.0,0.0,0.3644676836319772,0.09144556750846233,Normal
2024-09-08,17,1.0,0.0,0.0,0.0,1.0,0.0,0.0,0.0,0.3644676836319772,0.09249710891860548,Normal
2024-09-08,18,0.649,0.0,0.236,0.115,1.0,0.0,1.0,1.0,0.1140910827900543,0.06200788597114387,Normal
2024-09-08,19,0.0,0.0,0.354,0.646,0.0,0.0,3.0,4.0,-0.1160506837913275,0.06524291722684317,Normal
2024-09-08,20,0.197,0.0,0.226,0.577,1.0,0.0,2.0,1.0,0.0212157261464076,0.06211823045499706,Normal
2024-09-08,21,0.0,0.0,0.128,0.872,0.0,0.0,2.0,2.0,0.0492126077453135,0.06490663739168798,Normal
2024-09-08,22,0.22,0.0,0.393,0.387,1.0,0.0,1.0,2.0,-0.0958055523157342,0.06005534236058361,Normal
2024-09-08,23,1.0,0.0,0.0,0.0,2.0,0.0,0.0,0.0,0.3644676836319772,0.20280573991143158,Normal
2024-09-09,0,0.354,0.0,0.118,0.528,1.0,0.0,2.0,2.0,0.1349908809333435,0.07434426624954102,Normal
2024-09-09,1,0.0,0.0,0.78,0.22,0.0,0.0,1.0,1.0,-0.4275646758028723,0.0917014875597811,Normal
2024-09-09,2,0.0,0.0,0.331,0.669,0.0,0.0,2.0,1.0,-0.0992318532367136,0.12195685714223883,Normal
2024-09-09,3,0.0,0.0,0.344,0.656,0.0,0.0,1.0,1.0,-0.1087381487675823,0.09376481312584456,Normal
2024-09-09,4,0.0,0.0,0.475,0.525,0.0,0.0,3.0,3.0,-0.2045323575786442,0.023330245208548414,Normal
2024-09-09,5,0.118,0.0,0.882,0.0,1.0,0.0,2.0,0.0,-0.4759972869903115,0.02800940579769474,Normal
2024-09-09,6,0.118,0.0,0.728,0.154,2.0,0.0,3.0,1.0,-0.3633842476246357,0.036761833677421515,Normal
2024-09-09,7,0.564,0.0,0.236,0.2,1.0,0.0,2.0,3.0,0.0952504394455226,0.03975305944176372,Normal
2024-09-09,8,1.0,0.0,0.0,0.0,1.0,0.0,0.0,0.0,0.3644676836319772,0.04948515900992628,Normal
2024-09-09,9,0.639,0.361,0.0,0.0,1.0,1.0,0.0,0.0,0.2247777286097799,0.15573485294350148,Normal
2024-09-09,10,0.236,0.072,0.669,0.023,1.0,1.0,1.0,1.0,-0.3059865121914618,0.17255871167437384,Normal
2024-09-09,11,0.748,0.0,0.0,0.252,1.0,0.0,0.0,1.0,0.3086107174811304,0.1910423832565713,Normal
2024-09-09,12,0.236,0.0,0.236,0.528,1.0,0.0,1.0,1.0,0.0225477215983887,0.1074341418080799,Normal
2024-09-09,13,0.938,0.0,0.0,0.062,1.0,0.0,0.0,1.0,0.3507250967218482,0.1398961837175078,Normal
2024-09-09,14,0.439,0.079,0.393,0.089,1.0,1.0,1.0,1.0,-0.0603217432316875,0.22687653331020874,Normal
2024-09-09,15,0.42,0.0,0.393,0.187,2.0,0.0,1.0,1.0,-0.0514746267991891,0.3054114106407647,Leve
2024-09-09,16,1.0,0.0,0.0,0.0,1.0,0.0,0.0,0.0,0.3644676836319772,0.2077239063183279,Normal
2024-09-09,17,1.0,0.0,0.0,0.0,1.0,0.0,0.0,0.0,0.3644676836319772,0.21438286840518778,Normal
2024-09-09,18,0.649,0.0,0.351,0.0,1.0,0.0,1.0,0.0,0.0299969300169847,0.2828646004702937,Leve
2024-09-09,19,0.0,0.0,0.397,0.603,0.0,0.0,2.0,2.0,-0.1474945843934318,0.3284957023192184,Leve
2024-09-09,20,0.0,0.0,0.787,0.213,0.0,0.0,1.0,2.0,-0.4326834503194939,0.3231851833572541,Leve
2024-09-09,21,0.0,0.0,0.439,0.561,0.0,0.0,2.0,2.0,-0.1782072314931616,0.17876595559292585,Normal
2024-09-09,22,0.0,0.0,0.056,0.944,0.0,0.0,2.0,1.0,0.1018628599162787,0.2649956876769613,Leve
2024-09-09,23,0.984,0.0,0.016,0.0,2.0,0.0,1.0,0.0,0.3492211535526613,0.23632632850339244,Normal
2024-09-11,0,1.0,0.0,0.0,0.0,1.0,0.0,0.0,0.0,0.3644676836319772,0.2897988745077998,Leve
2024-09-11,1,0.18,0.0,0.0,0.82,1.0,0.0,0.0,1.0,0.1827108890141424,0.2603967530372649,Normal
2024-09-11,2,0.0,0.0,0.0,1.0,0.0,0.0,0.0,1.0,0.1428130560492518,0.22058772282870154,Normal
2024-09-11,3,0.0,0.0,0.551,0.449,0.0,0.0,1.0,3.0,-0.2601076237591077,0.20830277482931098,Normal
2024-09-11,4,0.275,0.0,0.436,0.289,2.0,0.0,3.0,1.0,-0.1150584484007885,0.19428292508092299,Normal
2024-09-11,5,0.0,0.0,0.233,0.767,0.0,0.0,1.0,1.0,-0.0275690100040108,0.188879048590533,Normal
2024-09-11,6,0.469,0.0,0.157,0.374,1.0,0.0,3.0,3.0,0.1319622765127507,0.09628514119383166,Normal
2024-09-11,7,1.0,0.0,0.0,0.0,1.0,0.0,0.0,0.0,0.3644676836319772,0.14487161906568996,Normal
2024-09-11,8,0.892,0.0,0.108,0.0,1.0,0.0,1.0,0.0,0.2615536055965949,0.21462165918542161,Normal
2024-09-11,9,0.0,0.0,1.0,0.0,0.0,0.0,1.0,0.0,-0.5884404463252663,0.28674936818990093,Leve
2024-09-11,10,0.377,0.0,0.426,0.197,1.0,0.0,2.0,1.0,-0.0851371413636054,0.07670641373146131,Normal
2024-09-11,11,0.921,0.0,0.079,0.0,2.0,0.0,1.0,0.0,0.289187941365355,0.08493199496137516,Normal
2024-09-11,12,0.315,0.0,0.039,0.646,1.0,0.0,1.0,1.0,0.1841153771452041,0.06889387565788693,Normal
2024-09-11,13,0.157,0.0,0.23,0.613,2.0,0.0,3.0,2.0,0.0094245270336005,0.10714212091328645,Normal
2024-09-11,14,0.0,0.0,0.439,0.561,0.0,0.0,1.0,1.0,-0.1782072314931616,0.23562417737995892,Normal
2024-09-11,15,0.97,0.0,0.0,0.03,1.0,0.0,0.0,1.0,0.3578180448044954,0.3357213271453091,Leve
2024-09-11,16,1.0,0.0,0.0,0.0,1.0,0.0,0.0,0.0,0.3644676836319772,0.2156818564822051,Normal
2024-09-11,17,1.0,0.0,0.0,0.0,1.0,0.0,0.0,0.0,0.3644676836319772,0.19853585993713088,Normal
2024-09-11,18,0.649,0.0,0.079,0.272,1.0,0.0,1.0,1.0,0.2288978826628536,0.25943577164729026,Normal
2024-09-11,19,0.0,0.0,0.354,0.646,0.0,0.0,1.0,2.0,-0.1160506837913275,0.2282326151543612,Normal
2024-09-11,20,0.0,0.0,0.108,0.892,0.0,0.0,2.0,2.0,0.0638376777928038,0.18431024610395802,Normal
2024-09-11,21,0.0,0.0,0.718,0.282,0.0,0.0,1.0,1.0,-0.3822269586556521,0.13100476702242803,Normal
2024-09-11,22,0.0,0.0,0.102,0.898,0.0,0.0,2.0,2.0,0.0682251988070509,0.27958544732661783,Leve
2024-09-11,23,0.984,0.0,0.016,0.0,2.0,0.0,1.0,0.0,0.3492211535526613,0.3121416167132187,Leve
2024-09-12,0,0.393,0.0,0.157,0.449,1.0,0.0,1.0,1.0,0.1149737117604143,0.26103509573149153,Normal
2024-09-12,1,0.0,0.0,0.584,0.416,0.0,0.0,1.0,1.0,-0.2842389893374667,0.1870011391869849,Normal
2024-09-12,2,0.0,0.0,0.489,0.511,0.0,0.0,2.0,1.0,-0.2147699066118875,0.13647312348588492,Normal
2024-09-12,3,0.0,0.0,0.344,0.656,0.0,0.0,1.0,1.0,-0.1087381487675823,0.12178891730893332,Normal
2024-09-12,4,0.079,0.0,0.357,0.564,1.0,0.0,2.0,1.0,-0.1007337287194158,0.22187944102158136,Normal
2024-09-12,5,0.118,0.0,0.882,0.0,1.0,0.0,2.0,0.0,-0.4759972869903115,0.18108490124707746,Normal
2024-09-12,6,0.508,0.0,0.492,0.0,1.0,0.0,1.0,0.0,-0.1043631163069865,0.2018558423604737,Normal
2024-09-12,7,1.0,0.0,0.0,0.0,1.0,0.0,0.0,0.0,0.3644676836319772,0.21497734280592246,Normal
2024-09-12,8,1.0,0.0,0.0,0.0,1.0,0.0,0.0,0.0,0.3644676836319772,0.1907702464488395,Normal
2024-09-12,9,0.685,0.197,0.118,0.0,3.0,2.0,2.0,0.0,0.1757948258500062,0.15419847684297544,Normal
2024-09-12,10,0.072,0.889,0.039,0.0,1.0,2.0,1.0,0.0,-0.0166967584079159,0.2817223612103432,Leve
2024-09-12,11,0.0,0.567,0.236,0.197,0.0,3.0,3.0,2.0,-0.1234868251968977,0.35519112257841834,Leve
2024-09-12,12,0.0,0.079,0.685,0.236,0.0,1.0,3.0,1.0,-0.3711541474338633,0.27744080189300324,Leve
2024-09-12,13,0.039,0.466,0.416,0.079,1.0,2.0,3.0,1.0,-0.2297728113509443,0.13464973446672138,Normal
2024-09-12,14,0.079,0.085,0.472,0.364,1.0,2.0,2.0,2.0,-0.1988782247875292,0.09781454037907197,Normal
2024-09-12,15,0.184,0.0,0.551,0.266,1.0,0.0,1.0,1.0,-0.2191803592278369,0.10675620426202853,Normal
2024-09-12,16,1.0,0.0,0.0,0.0,1.0,0.0,0.0,0.0,0.3644676836319772,0.07858884047068387,Normal
2024-09-12,17,1.0,0.0,0.0,0.0,1.0,0.0,0.0,0.0,0.3644676836319772,0.05167833877963775,Normal
2024-09-12,18,0.846,0.0,0.079,0.075,1.0,0.0,1.0,1.0,0.2725638442966506,0.062674982153341,Normal
2024-09-12,19,0.0,0.0,0.013,0.987,0.0,0.0,1.0,1.0,0.133306760518383,0.058094616778067244,Normal
2024-09-12,20,0.0,0.0,0.498,0.502,0.0,0.0,1.0,1.0,-0.2213511881332581,0.0635863615305302,Normal
2024-09-12,21,0.0,0.0,0.243,0.757,0.0,0.0,1.0,1.0,-0.034881545027756,0.06545844078867483,Normal
2024-09-12,22,0.77,0.0,0.23,0.0,1.0,0.0,1.0,0.0,0.1452988137418112,0.05703196207356778,Normal
2024-09-12,23,0.292,0.0,0.0,0.708,2.0,0.0,0.0,1.0,0.2075362073034076,0.10111795104806072,Normal
2024-09-13,0,0.0,0.0,0.567,0.433,0.0,0.0,1.0,1.0,-0.2718076797970998,0.15066382101782086,Normal
2024-09-13,1,0.0,0.0,0.338,0.662,0.0,0.0,2.0,2.0,-0.1043506277533353,0.16173620029205368,Normal
2024-09-13,2,0.0,0.0,0.757,0.243,0.0,0.0,1.0,1.0,-0.4107458452482583,0.28507776887472175,Leve
2024-09-13,3,0.0,0.0,0.266,0.734,0.0,0.0,1.0,1.0,-0.05170037558237,0.19608763798433182,Normal
2024-09-13,4,0.157,0.0,0.121,0.721,2.0,0.0,2.0,1.0,0.0889883457363737,0.16769268355046654,Normal
2024-09-13,5,0.0,0.0,1.0,0.0,0.0,0.0,1.0,0.0,-0.5884404463252663,0.16334373081258102,Normal
2024-09-13,6,0.666,0.0,0.295,0.039,1.0,0.0,1.0,1.0,0.0747152548188641,0.12160321963564479,Normal
2024-09-13,7,1.0,0.0,0.0,0.0,1.0,0.0,0.0,0.0,0.3644676836319772,0.16937852173183623,Normal
2024-09-13,8,0.38,0.0,0.305,0.315,1.0,0.0,2.0,1.0,0.0040094963064594,0.3290164222811107,Leve
2024-09-13,9,0.636,0.0,0.285,0.079,2.0,0.0,3.0,1.0,0.0753781510151275,0.3946817966197879,Alto
2024-09-13,10,1.0,0.0,0.0,0.0,1.0,0.0,0.0,0.0,0.3644676836319772,0.4331755650904836,Alto
2024-09-13,11,0.882,0.0,0.118,0.0,1.0,0.0,1.0,0.0,0.2520245242970225,0.3345616591008453,Leve
2024-09-13,12,0.0,0.0,0.252,0.748,0.0,0.0,2.0,1.0,-0.0414628265491267,0.26064451766457164,Normal
2024-09-13,13,0.898,0.0,0.023,0.079,1.0,0.0,1.0,1.0,0.3250400810639253,0.16613908617083228,Normal
2024-09-13,14,0.282,0.0,0.669,0.049,2.0,0.0,2.0,1.0,-0.2838889320609722,0.15787284341644547,Normal
2024-09-13,15,0.157,0.0,0.511,0.331,1.0,0.0,2.0,2.0,-0.1962005201896883,0.2875148416329,Leve
2024-09-13,16,0.948,0.0,0.0,0.052,1.0,0.0,0.0,1.0,0.3529416429976755,0.24252200334263654,Normal
2024-09-13,17,1.0,0.0,0.0,0.0,1.0,0.0,0.0,0.0,0.3644676836319772,0.2596942888846808,Normal
2024-09-13,18,0.531,0.0,0.469,0.0,1.0,0.0,1.0,0.0,-0.0824462293179699,0.2845716249520339,Leve
2024-09-13,19,0.039,0.0,0.961,0.0,1.0,0.0,2.0,0.0,-0.5512770292569338,0.18070785926675192,Normal
2024-09-13,20,0.108,0.0,0.577,0.315,1.0,0.0,1.0,1.0,-0.2551815150419107,0.11814207088124465,Normal
2024-09-13,21,0.167,0.0,0.315,0.518,1.0,0.0,1.0,1.0,-0.0505154743924062,0.06165321172257148,Normal
2024-09-13,22,0.613,0.0,0.0,0.387,1.0,0.0,0.0,1.0,0.2786873427574625,0.12125728310801508,Normal
2024-09-13,23,0.252,0.0,0.157,0.59,1.0,0.0,1.0,2.0,0.08372040927125,0.1817260366460126,Normal
2024-09-14,0,0.0,0.0,0.37,0.63,0.0,0.0,2.0,2.0,-0.1277507398293199,0.22224985847029058,Normal
2024-09-14,1,0.708,0.0,0.292,0.0,1.0,0.0,2.0,0.0,0.0862185096844621,0.1372225621727726,Normal
2024-09-14,2,0.0,0.0,0.007,0.993,0.0,0.0,1.0,1.0,0.1376942815326302,0.0958109869233857,Normal
2024-09-14,3,0.0,0.0,0.63,0.37,0.0,0.0,1.0,2.0,-0.3178766504466946,0.17778735272767549,Normal
2024-09-14,4,0.0,0.0,0.043,0.957,0.0,0.0,2.0,2.0,0.1113691554471475,0.2417677233438913,Normal
2024-09-14,5,0.079,0.0,0.921,0.0,1.0,0.0,2.0,0.0,-0.513160704058644,0.22613344754611375,Normal
2024-09-14,6,0.0,0.0,0.728,0.272,0.0,0.0,1.0,1.0,-0.3895394936793973,0.1838099301191586,Normal
2024-09-14,7,0.957,0.0,0.0,0.043,1.0,0.0,0.0,1.0,0.35493653464592,0.12641349745991667,Normal
2024-09-14,8,1.0,0.0,0.0,0.0,1.0,0.0,0.0,0.0,0.3644676836319772,0.17397954829442938,Normal
2024-09-14,9,0.403,0.079,0.518,0.0,1.0,1.0,2.0,0.0,-0.1597079976214804,0.18837218190844301,Normal
2024-09-14,10,0.456,0.0,0.348,0.197,1.0,0.0,1.0,1.0,-0.0104458395433084,0.13513942742494706,Normal
2024-09-14,11,0.449,0.0,0.118,0.433,1.0,0.0,1.0,1.0,0.1560480705537024,0.14765102090426033,Normal
2024-09-14,12,0.843,0.0,0.0,0.157,1.0,0.0,0.0,1.0,0.3296679071014893,0.17923404846545116,Normal
2024-09-14,13,1.0,0.0,0.0,0.0,1.0,0.0,0.0,0.0,0.3644676836319772,0.11253790196136944,Normal
2024-09-14,14,0.085,0.0,0.167,0.748,2.0,0.0,3.0,2.0,0.0395343644972389,0.13543901518401164,Normal
2024-09-14,15,0.892,0.0,0.108,0.0,1.0,0.0,1.0,0.0,0.2615536055965949,0.11557850212342786,Normal
2024-09-14,16,0.921,0.079,0.0,0.0,2.0,1.0,0.0,0.0,0.3338984136963717,0.08264154864451803,Normal
2024-09-14,17,0.646,0.118,0.236,0.0,3.0,2.0,1.0,0.0,0.093920936450657,0.08214737707062547,Normal
2024-09-14,18,0.885,0.0,0.115,0.0,1.0,0.0,1.0,0.0,0.2548832486868942,0.11547444770340856,Normal
2024-09-14,19,0.236,0.0,0.489,0.275,1.0,0.0,2.0,1.0,-0.1624594145023643,0.1073246698710742,Normal
2024-09-14,20,0.157,0.0,0.774,0.069,1.0,0.0,2.0,1.0,-0.3883773782581373,0.09784542407177509,Normal
2024-09-14,21,0.164,0.0,0.079,0.757,2.0,0.0,1.0,1.0,0.1213953882852318,0.056952862074968386,Normal
2024-09-14,22,0.426,0.0,0.315,0.259,2.0,0.0,2.0,1.0,0.0068930741515196,0.06404261768381411,Normal
2024-09-14,23,0.472,0.0,0.0,0.528,1.0,0.0,0.0,2.0,0.2474340402682982,0.08714007071150946,Normal
2024-09-15,0,0.826,0.0,0.118,0.056,1.0,0.0,1.0,1.0,0.2396118651523898,0.08222264329705008,Normal
2024-09-15,1,0.23,0.0,0.236,0.534,1.0,0.0,1.0,1.0,0.0212177938328924,0.10680201629393753,Normal
2024-09-15,2,0.203,0.0,0.315,0.482,1.0,0.0,2.0,2.0,-0.0425359077994281,0.14388673477899264,Normal
2024-09-15,3,0.0,0.0,0.0,1.0,0.0,0.0,0.0,1.0,0.1428130560492518,0.2592315690801134,Normal
2024-09-15,4,0.0,0.0,0.59,0.41,0.0,0.0,1.0,2.0,-0.2886265103517138,0.16359131803971452,Normal
2024-09-15,5,0.118,0.0,0.295,0.587,2.0,0.0,3.0,1.0,-0.0467514810964694,0.23336359208154897,Normal
2024-09-15,6,0.039,0.0,0.374,0.587,1.0,0.0,2.0,1.0,-0.1220312233630916,0.09748431468360294,Normal
2024-09-15,7,0.603,0.0,0.0,0.397,1.0,0.0,0.0,1.0,0.2764707964816352,0.0718932044506715,Normal
2024-09-15,8,0.892,0.0,0.108,0.0,1.0,0.0,1.0,0.0,0.2615536055965949,0.06733560559692195,Normal
2024-09-15,9,0.085,0.0,0.443,0.472,1.0,0.0,1.0,1.0,-0.162291602158128,0.05793453019638844,Normal
2024-09-15,10,1.0,0.0,0.0,0.0,1.0,0.0,0.0,0.0,0.3644676836319772,0.06330460503303442,Normal
2024-09-15,11,0.528,0.0,0.472,0.0,1.0,0.0,1.0,0.0,-0.0853049537078416,0.1376660694836014,Normal
2024-09-15,12,0.331,0.0,0.236,0.433,1.0,0.0,2.0,1.0,0.0436049112187476,0.13655559889793853,Normal
2024-09-15,13,0.889,0.0,0.111,0.0,1.0,0.0,1.0,0.0,0.2586948812067232,0.1120231015458262,Normal
2024-09-15,14,0.0,0.0,0.636,0.364,0.0,0.0,1.0,2.0,-0.3222641714609417,0.058461976248472,Normal
2024-09-15,15,0.616,0.0,0.0,0.384,1.0,0.0,0.0,1.0,0.2793523066402106,0.09908201573361597,Normal
2024-09-15,16,1.0,0.0,0.0,0.0,1.0,0.0,0.0,0.0,0.3644676836319772,0.14356080605300653,Normal
2024-09-15,17,1.0,0.0,0.0,0.0,1.0,0.0,0.0,0.0,0.3644676836319772,0.09452475394147804,Normal
2024-09-15,18,0.295,0.039,0.511,0.154,2.0,1.0,2.0,2.0,-0.1720588096833511,0.09165056378772087,Normal
2024-09-15,19,0.0,0.0,0.092,0.908,0.0,0.0,2.0,2.0,0.0755377338307961,0.11848776062896586,Normal
2024-09-15,20,0.0,0.0,0.931,0.069,0.0,0.0,1.0,1.0,-0.5379839546614246,0.18164311718588635,Normal
2024-09-15,21,0.511,0.0,0.203,0.285,1.0,0.0,1.0,1.0,0.107491296705948,0.13151242262072538,Normal
2024-09-15,22,0.0,0.0,0.449,0.551,0.0,0.0,3.0,2.0,-0.1855197665169068,0.1834884091187324,Normal
2024-09-15,23,0.0,0.0,0.528,0.472,1.0,0.0,1.0,1.0,-0.2432887932044937,0.11929835575069185,Normal
2024-09-16,0,0.567,0.0,0.079,0.354,1.0,0.0,1.0,1.0,0.2107222032010701,0.0798043023755533,Normal
2024-09-16,1,0.849,0.0,0.151,0.0,1.0,0.0,1.0,0.0,0.2205785560084334,0.06312862175030408,Normal
2024-09-16,2,0.0,0.0,0.4,0.6,0.0,0.0,1.0,1.0,-0.1496883449005554,0.10562896099434363,Normal
2024-09-16,3,0.0,0.0,0.577,0.423,0.0,0.0,1.0,1.0,-0.2791202148208451,0.10270604137378245,Normal
2024-09-16,4,0.157,0.0,0.489,0.354,1.0,0.0,2.0,1.0,-0.1799701300813996,0.043388780785496225,Normal
2024-09-16,5,0.197,0.0,0.548,0.256,1.0,0.0,2.0,1.0,-0.2141050885621379,0.03455017078102491,Normal
2024-09-16,6,0.705,0.0,0.0,0.295,1.0,0.0,0.0,1.0,0.2990795684950732,0.12162387652796326,Normal
2024-09-16,7,1.0,0.0,0.0,0.0,1.0,0.0,0.0,0.0,0.3644676836319772,0.1315998990728419,Normal
2024-09-16,8,0.577,0.0,0.354,0.069,1.0,0.0,1.0,1.0,0.0118440363239049,0.16151392100364484,Normal
2024-09-16,9,0.0,0.0,0.164,0.836,0.0,0.0,1.0,1.0,0.0228874816598308,0.07891002449305666,Normal
2024-09-16,10,0.534,0.0,0.348,0.118,1.0,0.0,1.0,1.0,0.0067004083520949,0.04565473295985058,Normal
2024-09-16,11,1.0,0.0,0.0,0.0,1.0,0.0,0.0,0.0,0.3644676836319772,0.11895921514963445,Normal
2024-09-16,12,0.433,0.0,0.315,0.252,1.0,0.0,1.0,1.0,0.0084446565445987,0.13066786657323484,Normal
2024-09-16,13,0.505,0.0,0.0,0.495,1.0,0.0,0.0,1.0,0.2547486429785282,0.13149971434972457,Normal
2024-09-16,14,0.292,0.0,0.511,0.197,3.0,0.0,2.0,1.0,-0.1661343324099711,0.0652151160940282,Normal
2024-09-16,15,0.646,0.0,0.197,0.157,2.0,0.0,1.0,1.0,0.1419450054999123,0.10201458328027005,Normal
2024-09-16,16,1.0,0.0,0.0,0.0,1.0,0.0,0.0,0.0,0.3644676836319772,0.0756769462588536,Normal
2024-09-16,17,0.705,0.079,0.216,0.0,1.0,1.0,1.0,0.0,0.1280702576256071,0.0834936374800405,Normal
2024-09-16,18,0.079,0.0,0.921,0.0,1.0,0.0,2.0,0.0,-0.513160704058644,0.1124506540222459,Normal
2024-09-16,19,0.0,0.0,0.397,0.603,0.0,0.0,2.0,2.0,-0.1474945843934318,0.25134948629097537,Normal
2024-09-16,20,0.63,0.0,0.315,0.056,2.0,0.0,2.0,2.0,0.0522534312344448,0.27861869712859844,Leve
2024-09-16,21,0.0,0.0,0.275,0.725,0.0,0.0,1.0,2.0,-0.0582816571037406,0.10726410760559081,Normal
2024-09-16,22,0.0,0.0,0.298,0.702,0.0,0.0,2.0,2.0,-0.0751004876583545,0.12122963412922255,Normal
2024-09-16,23,0.197,0.0,0.174,0.63,1.0,0.0,2.0,3.0,0.0593837213259318,0.09494602592387368,Normal
2024-09-17,0,0.866,0.0,0.134,0.0,1.0,0.0,1.0,0.0,0.2367779942177066,0.10469319506080864,Normal
2024-09-17,1,0.0,0.0,0.331,0.669,0.0,0.0,2.0,1.0,-0.0992318532367136,0.14083910191653246,Normal
2024-09-17,2,0.0,0.0,0.793,0.207,0.0,0.0,1.0,1.0,-0.437070971333741,0.10266421443097876,Normal
2024-09-17,3,0.0,0.0,0.302,0.698,0.0,0.0,1.0,2.0,-0.0780255016678526,0.047636926960395065,Normal
2024-09-17,4,0.079,0.0,0.567,0.354,1.0,0.0,3.0,1.0,-0.2542969642180646,0.1063690455491528,Normal
2024-09-17,5,0.0,0.0,0.882,0.118,0.0,0.0,2.0,1.0,-0.5021525330450731,0.10881276422760293,Normal
2024-09-17,6,0.351,0.0,0.531,0.118,1.0,0.0,3.0,2.0,-0.1676817794300807,0.08567806302687558,Normal
2024-09-17,7,1.0,0.0,0.0,0.0,1.0,0.0,0.0,0.0,0.3644676836319772,0.20631092415529126,Normal
2024-09-17,8,0.803,0.0,0.197,0.0,3.0,0.0,2.0,0.0,0.1767447820304003,0.2307344683403325,Normal
2024-09-17,9,0.961,0.039,0.0,0.0,2.0,1.0,0.0,0.0,0.3493765250561719,0.15252309328078767,Normal
2024-09-17,10,0.41,0.118,0.472,0.0,3.0,1.0,2.0,0.0,-0.1309653822192524,0.2095654538186772,Normal
2024-09-17,11,0.528,0.0,0.157,0.315,2.0,0.0,2.0,1.0,0.1450398995401315,0.20565484802131848,Normal
2024-09-17,12,0.433,0.0,0.315,0.252,1.0,0.0,1.0,1.0,0.0084446565445987,0.11553109406767906,Normal
2024-09-17,13,0.859,0.0,0.039,0.102,1.0,0.0,1.0,1.0,0.3046954945502067,0.14903948079273716,Normal
2024-09-17,14,0.046,0.118,0.787,0.049,2.0,1.0,3.0,2.0,-0.4419925199073377,0.21041086991633928,Normal
2024-09-17,15,0.656,0.0,0.0,0.344,1.0,0.0,0.0,1.0,0.2882184917435197,0.19783732335825086,Normal
2024-09-17,16,1.0,0.0,0.0,0.0,1.0,0.0,0.0,0.0,0.3644676836319772,0.21077932705838648,Normal
2024-09-17,17,1.0,0.0,0.0,0.0,1.0,0.0,0.0,0.0,0.3644676836319772,0.29059219439199657,Leve
2024-09-17,18,0.885,0.0,0.115,0.0,2.0,0.0,2.0,0.0,0.2548832486868942,0.21346272539530955,Normal
2024-09-17,19,0.0,0.0,0.095,0.905,0.0,0.0,2.0,1.0,0.0733439733236726,0.10109305037154087,Normal
2024-09-17,20,0.0,0.0,0.498,0.502,0.0,0.0,1.0,1.0,-0.2213511881332581,0.12219960777606803,Normal
2024-09-17,21,0.518,0.0,0.315,0.167,1.0,0.0,1.0,1.0,0.0272852998891303,0.09705591716267606,Normal
2024-09-17,22,0.662,0.0,0.079,0.259,1.0,0.0,1.0,1.0,0.2317793928214291,0.1139960968778771,Normal
2024-09-17,23,0.0,0.0,0.433,0.567,1.0,0.0,1.0,1.0,-0.1738197104789145,0.10563482641895688,Normal
2024-09-18,0,0.0,0.0,0.252,0.748,0.0,0.0,3.0,2.0,-0.0414628265491267,0.09763834685693072,Normal
2024-09-18,1,0.0,0.0,0.652,0.348,0.0,0.0,2.0,2.0,-0.3339642274989339,0.12436346061173058,Normal
2024-09-18,2,0.0,0.0,0.246,0.754,0.0,0.0,1.0,1.0,-0.0370753055348796,0.1710903123073561,Normal
2024-09-18,3,0.0,0.0,0.41,0.59,0.0,0.0,2.0,1.0,-0.1570008799243005,0.054078803938380327,Normal
2024-09-18,4,0.003,0.0,0.997,0.0,1.0,0.0,1.0,0.0,-0.5855817219353945,0.058001246660992455,Normal
2024-09-18,5,0.39,0.0,0.59,0.02,2.0,0.0,2.0,1.0,-0.2021812055944509,0.10316510779233576,Normal
2024-09-18,6,0.39,0.079,0.079,0.452,2.0,1.0,2.0,2.0,0.1584307797623576,0.03548515073310102,Normal
2024-09-18,7,1.0,0.0,0.0,0.0,1.0,0.0,0.0,0.0,0.3644676836319772,0.09600289394545575,Normal
2024-09-18,8,0.892,0.0,0.108,0.0,1.0,0.0,1.0,0.0,0.2615536055965949,0.12109354699456619,Normal
2024-09-18,9,0.0,0.0,0.875,0.125,0.0,0.0,1.0,1.0,-0.4970337585284515,0.12092759652992711,Normal
2024-09-18,10,0.77,0.0,0.0,0.23,1.0,0.0,0.0,1.0,0.3134871192879503,0.0952429531040358,Normal
2024-09-18,11,0.41,0.0,0.59,0.0,1.0,0.0,1.0,0.0,-0.1977481130427964,0.04815088306262063,Normal
2024-09-18,12,0.528,0.0,0.472,0.0,1.0,0.0,1.0,0.0,-0.0853049537078416,0.05657280853093397,Normal
2024-09-18,13,0.849,0.0,0.118,0.033,1.0,0.0,1.0,1.0,0.2447099215867925,0.14148652813914595,Normal
2024-09-18,14,0.433,0.0,0.315,0.252,2.0,0.0,2.0,2.0,0.0084446565445987,0.09457868601562194,Normal
2024-09-18,15,0.656,0.0,0.0,0.344,1.0,0.0,0.0,1.0,0.2882184917435197,0.09921727988977351,Normal
2024-09-18,16,1.0,0.0,0.0,0.0,1.0,0.0,0.0,0.0,0.3644676836319772,0.15937341537144073,Normal
2024-09-18,17,0.666,0.0,0.334,0.0,2.0,0.0,2.0,0.0,0.0461963682262579,0.10840220550219096,Normal
2024-09-18,18,0.075,0.0,0.413,0.511,1.0,0.0,1.0,1.0,-0.1427133564187689,0.12104513847629299,Normal
2024-09-18,19,0.003,0.0,0.354,0.643,1.0,0.0,2.0,2.0,-0.1153857199085793,0.16701131453112136,Normal
2024-09-18,20,0.069,0.0,0.433,0.498,1.0,0.0,1.0,2.0,-0.1585255411757064,0.16723875687983786,Normal
2024-09-18,21,1.0,0.0,0.0,0.0,1.0,0.0,0.0,0.0,0.3644676836319772,0.12594168406337924,Normal
2024-09-18,22,0.466,0.0,0.236,0.298,1.0,0.0,2.0,2.0,0.0735282859424156,0.27084356490226136,Leve
2024-09-18,23,0.0,0.0,0.433,0.567,0.0,0.0,2.0,1.0,-0.1738197104789145,0.18883904885693373,Normal
2024-09-20,0,0.0,0.0,1.0,0.0,0.0,0.0,1.0,0.0,-0.5884404463252663,0.29326423502459953,Leve
2024-09-20,1,0.0,0.0,0.174,0.826,0.0,0.0,3.0,2.0,0.0155749466360856,0.24436417263700977,Normal
2024-09-20,2,0.0,0.0,1.0,0.0,0.0,0.0,1.0,0.0,-0.5884404463252663,0.34280571396748605,Leve
2024-09-20,3,0.0,0.0,1.0,0.0,0.0,0.0,1.0,0.0,-0.5884404463252663,0.18054936387154583,Normal
2024-09-20,4,0.039,0.039,0.607,0.315,1.0,1.0,2.0,1.0,-0.2988599175164333,0.07613961573877304,Normal
2024-09-20,5,0.0,0.0,0.921,0.079,0.0,0.0,2.0,1.0,-0.5306714196376794,0.1271575602541813,Normal
2024-09-20,6,0.548,0.0,0.452,0.0,1.0,0.0,1.0,0.0,-0.0662467911086968,0.14769539460118275,Normal
2024-09-20,7,0.921,0.079,0.0,0.0,2.0,1.0,0.0,0.0,0.3338984136963717,0.1359391898434389,Normal
2024-09-20,8,1.0,0.0,0.0,0.0,1.0,0.0,0.0,0.0,0.3644676836319772,0.1436842903631134,Normal
2024-09-20,9,0.679,0.236,0.085,0.0,2.0,1.0,2.0,0.0,0.19214963556279,0.155585155569125,Normal
2024-09-20,10,0.259,0.275,0.348,0.118,1.0,2.0,2.0,1.0,-0.0997116072465318,0.10499608247646755,Normal
2024-09-20,11,0.764,0.079,0.157,0.0,2.0,1.0,1.0,0.0,0.1842918372930845,0.17760965312273166,Normal
2024-09-20,12,0.449,0.0,0.157,0.393,1.0,0.0,2.0,1.0,0.1273863709050469,0.05336781424214739,Normal
2024-09-20,13,1.0,0.0,0.0,0.0,1.0,0.0,0.0,0.0,0.3644676836319772,0.08084581232142013,Normal
2024-09-20,14,0.085,0.0,0.511,0.403,2.0,0.0,2.0,2.0,-0.2121596533756445,0.14533183703808622,Normal
2024-09-20,15,0.656,0.0,0.0,0.344,1.0,0.0,0.0,1.0,0.2882184917435197,0.17400589814009743,Normal
2024-09-20,16,0.8,0.0,0.2,0.0,1.0,0.0,1.0,0.0,0.1738860576405285,0.19961087463190588,Normal
2024-09-20,17,0.177,0.0,0.43,0.393,1.0,0.0,2.0,2.0,-0.1323930808896485,0.08653242761950833,Normal
2024-09-20,18,0.57,0.0,0.154,0.275,3.0,0.0,3.0,1.0,0.1564003413496802,0.08406519989622027,Normal
2024-09-20,19,0.0,0.0,0.043,0.957,0.0,0.0,2.0,2.0,0.1113691554471475,0.09927241156648417,Normal
2024-09-20,20,0.0,0.0,0.63,0.37,0.0,0.0,1.0,2.0,-0.3178766504466946,0.12940200480931874,Normal
2024-09-20,21,0.0,0.0,0.321,0.679,0.0,0.0,1.0,1.0,-0.0919193182129684,0.12217143024307668,Normal
2024-09-20,22,0.59,0.0,0.308,0.102,2.0,0.0,3.0,1.0,0.0483632075917082,0.272206026409434,Leve
2024-09-20,23,0.0,0.0,0.039,0.961,0.0,0.0,2.0,2.0,0.1142941694566456,0.20812281544401426,Normal
2024-09-21,0,0.0,0.0,0.748,0.252,0.0,0.0,1.0,1.0,-0.4041645637268877,0.14835304502793478,Normal
2024-09-21,1,0.63,0.0,0.111,0.259,1.0,0.0,1.0,1.0,0.2012863326627973,0.11129030080516399,Normal
2024-09-21,2,0.0,0.0,0.567,0.433,0.0,0.0,2.0,1.0,-0.2718076797970998,0.06595332845155419,Normal
2024-09-21,3,0.0,0.0,0.738,0.262,0.0,0.0,2.0,2.0,-0.3968520287031425,0.05183614855844542,Normal
2024-09-21,4,0.0,0.0,0.987,0.013,0.0,0.0,2.0,1.0,-0.5789341507943976,0.11057092826884903,Normal
2024-09-21,5,0.295,0.0,0.705,0.0,1.0,0.0,1.0,0.0,-0.3073325479878794,0.08967385318234762,Normal
2024-09-21,6,0.02,0.0,0.98,0.0,1.0,0.0,1.0,0.0,-0.5693822837261214,0.23833378516112239,Normal
2024-09-21,7,0.918,0.0,0.082,0.0,1.0,0.0,1.0,0.0,0.2863292169754832,0.1475884575133227,Normal
2024-09-21,8,1.0,0.0,0.0,0.0,1.0,0.0,0.0,0.0,0.3644676836319772,0.06905998614654801,Normal
2024-09-21,9,0.331,0.0,0.551,0.118,2.0,0.0,1.0,1.0,-0.1867399420292255,0.10773818413621081,Normal
2024-09-21,10,1.0,0.0,0.0,0.0,1.0,0.0,0.0,0.0,0.3644676836319772,0.15003528234946434,Normal
2024-09-21,11,0.843,0.0,0.157,0.0,1.0,0.0,1.0,0.0,0.21486110722869,0.20005293798725574,Normal
2024-09-21,12,0.826,0.0,0.095,0.079,1.0,0.0,2.0,1.0,0.2564306957070038,0.12037492367368666,Normal
2024-09-21,13,0.19,0.0,0.102,0.708,1.0,0.0,2.0,1.0,0.1103395780477688,0.17634337889132923,Normal
2024-09-21,14,0.046,0.079,0.511,0.364,1.0,1.0,1.0,1.0,-0.2337199251518917,0.16002284750060253,Normal
2024-09-21,15,0.656,0.0,0.0,0.344,1.0,0.0,0.0,1.0,0.2882184917435197,0.11986642834478356,Normal
2024-09-21,16,1.0,0.0,0.0,0.0,1.0,0.0,0.0,0.0,0.3644676836319772,0.14511420796635308,Normal
2024-09-21,17,1.0,0.0,0.0,0.0,1.0,0.0,0.0,0.0,0.3644676836319772,0.13015266451062363,Normal
2024-09-21,18,0.807,0.0,0.118,0.075,1.0,0.0,1.0,1.0,0.2354004272283181,0.08349924486940305,Normal
2024-09-21,19,0.0,0.0,0.407,0.593,0.0,0.0,2.0,2.0,-0.154807119417177,0.10678176857687807,Normal
2024-09-21,20,0.03,0.0,0.184,0.787,1.0,0.0,2.0,1.0,0.0150548634958715,0.16452535765307463,Normal
2024-09-21,21,1.0,0.0,0.0,0.0,1.0,0.0,0.0,0.0,0.3644676836319772,0.2325715264206714,Normal
2024-09-21,22,0.584,0.0,0.0,0.416,1.0,0.0,0.0,1.0,0.2722593585575634,0.11164944395506447,Normal
2024-09-21,23,0.0,0.0,0.433,0.567,0.0,0.0,2.0,1.0,-0.1738197104789145,0.14140930156461606,Normal
2024-09-22,0,0.0,0.0,0.095,0.905,0.0,0.0,2.0,1.0,0.0733439733236726,0.15687090431555306,Normal
2024-09-22,1,0.0,0.0,0.81,0.19,0.0,0.0,1.0,1.0,-0.4495022808741078,0.034418445928771926,Normal
2024-09-22,2,0.511,0.0,0.089,0.4,1.0,0.0,1.0,1.0,0.1909970090326923,0.20262610230174155,Normal
2024-09-22,3,0.0,0.0,0.58,0.42,0.0,0.0,1.0,1.0,-0.2813139753279686,0.09223580506828195,Normal
2024-09-22,4,0.0,0.0,0.669,0.331,0.0,0.0,1.0,2.0,-0.3463955370393008,0.06614447998170753,Normal
2024-09-22,5,0.02,0.079,0.433,0.469,1.0,1.0,1.0,1.0,-0.1823023592277809,0.05833981978120399,Normal
2024-09-22,6,0.098,0.0,0.63,0.272,2.0,0.0,2.0,1.0,-0.2961544969435875,0.09729088849692828,Normal
2024-09-22,7,0.354,0.0,0.525,0.121,2.0,0.0,2.0,1.0,-0.1626292945330854,0.1665654833777374,Normal
2024-09-22,8,0.423,0.0,0.577,0.0,1.0,0.0,1.0,0.0,-0.1853603073533522,0.07762893823556168,Normal
2024-09-22,9,0.679,0.0,0.315,0.007,1.0,0.0,1.0,1.0,0.0631145079859984,0.0949507476168328,Normal
2024-09-22,10,0.574,0.0,0.197,0.23,1.0,0.0,2.0,2.0,0.1261286853700053,0.10035761057628417,Normal
2024-09-22,11,1.0,0.0,0.0,0.0,1.0,0.0,0.0,0.0,0.3644676836319772,0.21712702033458525,Normal
2024-09-22,12,1.0,0.0,0.0,0.0,1.0,0.0,0.0,0.0,0.3644676836319772,0.15522971809913907,Normal
2024-09-22,13,0.534,0.039,0.315,0.111,2.0,1.0,2.0,1.0,0.0242423327743257,0.16382605630353772,Normal
2024-09-22,14,0.039,0.0,0.472,0.489,1.0,0.0,2.0,3.0,-0.1936940665957944,0.15877208965041803,Normal
2024-09-22,15,0.498,0.0,0.039,0.462,1.0,0.0,1.0,2.0,0.2245353609367936,0.12592221501493142,Normal
2024-09-22,16,0.961,0.039,0.0,0.0,2.0,1.0,0.0,0.0,0.3493765250561719,0.10894541591213314,Normal
2024-09-22,17,1.0,0.0,0.0,0.0,1.0,0.0,0.0,0.0,0.3644676836319772,0.1091095659948439,Normal
2024-09-22,18,0.492,0.0,0.315,0.193,1.0,0.0,1.0,1.0,0.0215222795719795,0.11392531470369964,Normal
2024-09-22,19,0.0,0.0,0.367,0.633,0.0,0.0,2.0,2.0,-0.1255569793221963,0.1416180935332454,Normal
2024-09-22,20,0.0,0.0,0.341,0.659,0.0,0.0,1.0,1.0,-0.1065443882604588,0.2830093343327526,Leve
2024-09-22,21,0.125,0.0,0.079,0.797,1.0,0.0,1.0,1.0,0.1128936708655548,0.39654851248764666,Alto
2024-09-22,22,0.348,0.0,0.551,0.102,1.0,0.0,1.0,1.0,-0.18282900030427,0.4098392075135827,Alto
2024-09-22,23,0.0,0.0,0.393,0.607,0.0,0.0,2.0,1.0,-0.1445695703839338,0.3230668442456681,Leve
2024-09-23,0,0.0,0.0,0.489,0.511,0.0,0.0,2.0,1.0,-0.2147699066118875,0.2896527342870411,Leve
2024-09-23,1,0.0,0.0,0.967,0.033,0.0,0.0,1.0,1.0,-0.5643090807469072,0.19590093916336107,Normal
2024-09-23,2,0.0,0.0,0.01,0.99,0.0,0.0,1.0,1.0,0.1355005210255066,0.15225048885183054,Normal
2024-09-23,3,0.0,0.0,0.41,0.59,0.0,0.0,2.0,1.0,-0.1570008799243005,0.1340252079193665,Normal
2024-09-23,4,0.118,0.0,0.882,0.0,1.0,0.0,2.0,0.0,-0.4759972869903115,0.13606875495836213,Normal
2024-09-23,5,0.0,0.0,0.882,0.118,0.0,0.0,2.0,1.0,-0.5021525330450731,0.1747379529565784,Normal
2024-09-23,6,0.351,0.0,0.295,0.354,1.0,0.0,1.0,1.0,0.0048940471303056,0.29238620516423924,Leve
2024-09-23,7,1.0,0.0,0.0,0.0,1.0,0.0,0.0,0.0,0.3644676836319772,0.25136477800686574,Normal
2024-09-23,8,1.0,0.0,0.0,0.0,1.0,0.0,0.0,0.0,0.3644676836319772,0.163009415550334,Normal
2024-09-23,9,1.0,0.0,0.0,0.0,1.0,0.0,0.0,0.0,0.3644676836319772,0.0729346672009131,Normal
2024-09-23,10,0.843,0.039,0.118,0.0,3.0,1.0,1.0,0.0,0.2369333657212172,0.06262425450946038,Normal
2024-09-23,11,0.921,0.079,0.0,0.0,3.0,2.0,0.0,0.0,0.3338984136963717,0.1620448452213776,Normal
2024-09-23,12,1.0,0.0,0.0,0.0,1.0,0.0,0.0,0.0,0.3644676836319772,0.1853221503850807,Normal
2024-09-23,13,0.449,0.0,0.197,0.354,2.0,0.0,4.0,3.0,0.0982790438661154,0.13788448359808217,Normal
2024-09-23,14,0.125,0.0,0.393,0.482,2.0,0.0,2.0,2.0,-0.1168627419360931,0.23851338937353936,Normal
2024-09-23,15,0.813,0.0,0.0,0.187,1.0,0.0,0.0,1.0,0.3230182682740075,0.11990865430426507,Normal
2024-09-23,16,1.0,0.0,0.0,0.0,2.0,0.0,0.0,0.0,0.3644676836319772,0.12124764837569676,Normal
2024-09-23,17,1.0,0.0,0.0,0.0,1.0,0.0,0.0,0.0,0.3644676836319772,0.11389528401400484,Normal
2024-09-23,18,0.846,0.0,0.079,0.075,1.0,0.0,1.0,1.0,0.2725638442966506,0.12476600504581646,Normal
2024-09-23,19,0.0,0.0,0.21,0.79,0.0,0.0,4.0,4.0,-0.0107501794493969,0.13508524327531263,Normal
2024-09-23,20,0.0,0.0,0.538,0.462,0.0,0.0,1.0,1.0,-0.2506013282282389,0.15327085284935577,Normal
2024-09-23,21,0.951,0.0,0.0,0.049,1.0,0.0,0.0,1.0,0.3536066068804236,0.22520672628363989,Normal
2024-09-23,22,0.898,0.0,0.0,0.102,1.0,0.0,0.0,1.0,0.3418589116185392,0.21210442254331432,Normal
2024-09-23,23,0.0,0.0,0.0,1.0,0.0,0.0,1.0,1.0,0.1428130560492518,0.15031417415964832,Normal
2024-09-24,0,0.0,0.0,0.528,0.472,0.0,0.0,1.0,1.0,-0.2432887932044937,0.13942761528728864,Normal
2024-09-24,1,0.0,0.0,0.062,0.938,0.0,0.0,2.0,2.0,0.0974753389020317,0.23136963476004724,Normal
2024-09-24,2,0.0,0.0,0.836,0.164,0.0,0.0,1.0,1.0,-0.4685148719358453,0.09155213649495958,Normal
2024-09-24,3,0.0,0.0,0.331,0.669,0.0,0.0,2.0,1.0,-0.0992318532367136,0.1630270160763859,Normal
2024-09-24,4,0.079,0.0,0.331,0.59,1.0,0.0,2.0,1.0,-0.0817211376576783,0.24186897485471906,Normal
2024-09-24,5,0.118,0.0,0.744,0.138,1.0,0.0,2.0,1.0,-0.375084303662628,0.17657720289708395,Normal
2024-09-24,6,0.115,0.0,0.433,0.452,1.0,0.0,1.0,1.0,-0.148329428306901,0.12195704165124936,Normal
2024-09-24,7,1.0,0.0,0.0,0.0,1.0,0.0,0.0,0.0,0.3644676836319772,0.11658936586251684,Normal
2024-09-24,8,1.0,0.0,0.0,0.0,1.0,0.0,0.0,0.0,0.3644676836319772,0.12049013605694146,Normal
2024-09-24,9,1.0,0.0,0.0,0.0,1.0,0.0,0.0,0.0,0.3644676836319772,0.22106916835619878,Normal
2024-09-24,10,0.489,0.0,0.275,0.236,2.0,0.0,2.0,1.0,0.050107455784212,0.13667191245071472,Normal
2024-09-24,11,0.331,0.0,0.079,0.59,1.0,0.0,1.0,1.0,0.158411711091547,0.11861998047002519,Normal
2024-09-24,12,0.213,0.0,0.315,0.472,2.0,0.0,1.0,1.0,-0.0403193615236008,0.10832680950733226,Normal
2024-09-24,13,0.685,0.315,0.0,0.0,2.0,2.0,0.0,0.0,0.2425775566735502,0.15679520429125435,Normal
2024-09-24,14,0.164,0.079,0.315,0.443,2.0,1.0,2.0,2.0,-0.0640961795756753,0.24048608360141732,Normal
2024-09-24,15,0.066,0.0,0.59,0.344,1.0,0.0,1.0,2.0,-0.2739973049312539,0.3463433710947426,Leve
2024-09-24,16,0.607,0.315,0.079,0.0,2.0,2.0,1.0,0.0,0.1676622820905599,0.22992902312906027,Normal
2024-09-24,17,1.0,0.0,0.0,0.0,1.0,0.0,0.0,0.0,0.3644676836319772,0.16652108309640987,Normal
2024-09-24,18,0.607,0.393,0.0,0.0,2.0,1.0,0.0,0.0,0.2123952395219397,0.19900115388507514,Normal
2024-09-24,19,0.554,0.0,0.0,0.446,1.0,0.0,0.0,1.0,0.2656097197300817,0.21472454149239545,Normal
2024-09-24,20,0.0,0.0,0.0,1.0,0.0,0.0,0.0,1.0,0.1428130560492518,0.15818924347343344,Normal
2024-09-24,21,0.0,0.0,0.63,0.37,0.0,0.0,1.0,2.0,-0.3178766504466946,0.2107400328961492,Normal
2024-09-24,22,0.0,0.0,0.079,0.921,0.0,0.0,1.0,2.0,0.0850440293616648,0.33225443269397525,Leve
2024-09-24,23,0.787,0.0,0.079,0.134,2.0,0.0,2.0,2.0,0.2594862212692698,0.3818594143260105,Alto
2024-09-26,0,0.961,0.0,0.0,0.039,1.0,0.0,0.0,1.0,0.3558231531562509,0.38380617264113703,Alto
2024-09-26,1,0.889,0.0,0.0,0.111,1.0,0.0,0.0,1.0,0.3398640199702947,0.28094516898130767,Leve
2024-09-26,2,0.0,0.0,0.207,0.793,0.0,0.0,2.0,2.0,-0.0085564189422734,0.2935859487708118,Leve
2024-09-26,3,0.0,0.0,0.226,0.774,0.0,0.0,1.0,1.0,-0.0224502354873892,0.18031376339749722,Normal
2024-09-26,4,0.236,0.0,0.357,0.407,1.0,0.0,2.0,2.0,-0.0659339521889279,0.1367644563031937,Normal
2024-09-26,5,0.0,0.0,0.233,0.767,0.0,0.0,4.0,4.0,-0.0275690100040108,0.1503814504426234,Normal
2024-09-26,6,0.787,0.0,0.154,0.059,1.0,0.0,2.0,1.0,0.2046422085911809,0.17809399860832575,Normal
2024-09-26,7,0.013,0.0,0.279,0.708,1.0,0.0,2.0,1.0,-0.0583251609546633,0.24352439674911858,Normal
2024-09-26,8,1.0,0.0,0.0,0.0,1.0,0.0,0.0,0.0,0.3644676836319772,0.13395060349414023,Normal
2024-09-26,9,0.128,0.0,0.748,0.125,1.0,0.0,1.0,1.0,-0.3756499583402496,0.15116609646625323,Normal
2024-09-26,10,0.574,0.0,0.157,0.269,1.0,0.0,2.0,2.0,0.1552360124089368,0.060292912498346465,Normal
2024-09-26,11,0.843,0.0,0.157,0.0,1.0,0.0,1.0,1.0,0.21486110722869,0.0456808398839402,Normal
2024-09-26,12,0.0,0.0,0.331,0.669,0.0,0.0,3.0,3.0,-0.0992318532367136,0.1190928473679681,Normal
2024-09-26,13,0.472,0.039,0.489,0.0,1.0,1.0,2.0,0.0,-0.1165955504929201,0.21020501928276528,Normal
2024-09-26,14,0.0,0.0,0.292,0.708,0.0,0.0,2.0,1.0,-0.0707129666441074,0.32271002462992227,Leve
2024-09-26,15,0.931,0.0,0.069,0.0,1.0,0.0,1.0,0.0,0.2987170226649274,0.40230227501703536,Alto
2024-09-26,16,0.879,0.003,0.118,0.0,1.0,1.0,1.0,0.0,0.2508636659450375,0.29384760381025204,Leve
2024-09-26,17,0.964,0.036,0.0,0.0,1.0,1.0,0.0,0.0,0.350537383408157,0.2698395777749529,Leve
2024-09-26,18,0.492,0.0,0.275,0.233,1.0,0.0,2.0,2.0,0.0507724196669602,0.30248588266756893,Leve
2024-09-26,19,0.118,0.0,0.315,0.567,1.0,0.0,1.0,2.0,-0.0613765511439598,0.334652899974643,Leve
2024-09-26,20,0.0,0.0,0.079,0.921,0.0,0.0,1.0,2.0,0.0850440293616648,0.37429164975350715,Alto
2024-09-26,21,0.0,0.0,0.518,0.482,0.0,0.0,1.0,1.0,-0.2359762581807485,0.3937043088674032,Alto
2024-09-26,22,0.0,0.0,0.111,0.889,0.0,0.0,1.0,1.0,0.0616439172856803,0.2916039082198511,Leve
2024-09-26,23,0.039,0.0,0.354,0.607,1.0,0.0,3.0,3.0,-0.1074061533156012,0.37901624602461725,Alto
2024-09-27,0,0.0,0.0,0.315,0.685,0.0,0.0,1.0,1.0,-0.0875317971987213,0.440200957876045,Alto
2024-09-27,1,0.039,0.0,0.269,0.692,1.0,0.0,1.0,1.0,-0.0452496056137672,0.48092347841232425,Alto
2024-09-27,2,0.0,0.0,1.0,0.0,0.0,0.0,1.0,0.0,-0.5884404463252663,0.5114942593226478,Alto
2024-09-27,3,0.0,0.0,0.567,0.433,0.0,0.0,3.0,3.0,-0.2718076797970998,0.48515795869605133,Alto
2024-09-27,4,0.118,0.0,0.725,0.157,1.0,0.0,2.0,1.0,-0.3611904871175121,0.41464511884170413,Alto
2024-09-27,5,0.0,0.0,1.0,0.0,0.0,0.0,1.0,0.0,-0.5884404463252663,0.35212312862147926,Leve
2024-09-27,6,0.0,0.0,0.646,0.354,0.0,0.0,2.0,1.0,-0.3295767064846869,0.23727664960746334,Normal
2024-09-27,7,0.0,0.0,1.0,0.0,0.0,0.0,1.0,0.0,-0.5884404463252663,0.12538579389959603,Normal
2024-09-27,8,0.305,0.0,0.695,0.0,1.0,0.0,1.0,0.0,-0.297803466688307,0.08447144285675262,Normal
2024-09-27,9,1.0,0.0,0.0,0.0,1.0,0.0,0.0,0.0,0.3644676836319772,0.29679602590924253,Leve
2024-09-27,10,1.0,0.0,0.0,0.0,1.0,0.0,0.0,0.0,0.3644676836319772,0.10932942883315701,Normal
2024-09-27,11,1.0,0.0,0.0,0.0,1.0,0.0,0.0,0.0,0.3644676836319772,0.07807470863486149,Normal
2024-09-27,12,0.472,0.0,0.236,0.292,1.0,0.0,1.0,1.0,0.0748582137079119,0.04806638292999247,Normal
2024-09-27,13,0.511,0.039,0.269,0.18,1.0,1.0,2.0,1.0,0.0527819374491509,0.016105835700968314,Normal
2024-09-27,14,0.482,0.472,0.046,0.0,1.0,1.0,1.0,0.0,0.1379921956083009,0.03497211166674153,Normal
2024-09-27,15,0.305,0.498,0.197,0.0,1.0,2.0,1.0,0.0,-0.0159577043991129,0.08540486029251317,Normal
2024-09-27,16,0.239,0.682,0.079,0.0,1.0,2.0,1.0,0.0,0.0252861426807606,0.034317558810120594,Normal
2024-09-27,17,1.0,0.0,0.0,0.0,1.0,0.0,0.0,0.0,0.3644676836319772,0.061323650968852186,Normal
2024-09-27,18,0.374,0.0,0.157,0.469,2.0,0.0,1.0,1.0,0.1109050868923917,0.09862629686112122,Normal
2024-09-27,19,0.0,0.0,0.0,1.0,0.0,0.0,0.0,1.0,0.1428130560492518,0.03118903560028519,Normal
2024-09-27,20,0.0,0.0,0.393,0.607,0.0,0.0,1.0,2.0,-0.1445695703839338,0.25488520574181256,Normal
2024-09-27,21,0.0,0.0,0.0,1.0,0.0,0.0,0.0,1.0,0.1428130560492518,0.3476224422001894,Leve
2024-09-27,22,0.0,0.0,0.393,0.607,0.0,0.0,1.0,2.0,-0.1445695703839338,0.2872897303879325,Leve
2024-09-27,23,0.0,0.0,0.315,0.685,0.0,0.0,2.0,1.0,-0.0875317971987213,0.15822896565239514,Normal
2024-09-28,0,0.0,0.0,0.472,0.528,0.0,0.0,2.0,2.0,-0.2023385970715207,0.16793125860060576,Normal
2024-09-28,1,0.0,0.0,0.387,0.613,0.0,0.0,3.0,3.0,-0.1401820493696867,0.14288028769451494,Normal
2024-09-28,2,0.0,0.0,0.951,0.049,0.0,0.0,1.0,1.0,-0.5526090247089148,0.13836269646315114,Normal
2024-09-28,3,0.0,0.0,0.262,0.738,0.0,0.0,1.0,1.0,-0.0487753615728719,0.22453910242744166,Normal
2024-09-28,4,0.0,0.0,1.0,0.0,0.0,0.0,1.0,0.0,-0.5884404463252663,0.1489823597323771,Normal
2024-09-28,5,0.157,0.0,0.292,0.551,1.0,0.0,3.0,1.0,-0.0359131901136195,0.23346231071739057,Normal
2024-09-28,6,0.0,0.0,1.0,0.0,0.0,0.0,1.0,0.0,-0.5884404463252663,0.2039891413681903,Normal
2024-09-28,7,0.957,0.0,0.043,0.0,1.0,0.0,1.0,0.0,0.3234926340438157,0.25857178334268494,Normal
2024-09-28,8,1.0,0.0,0.0,0.0,1.0,0.0,0.0,0.0,0.3644676836319772,0.053423719144503105,Normal
2024-09-28,9,0.679,0.0,0.321,0.0,1.0,0.0,1.0,0.0,0.058584173915702,0.14172937963744786,Normal
2024-09-28,10,0.298,0.0,0.308,0.393,1.0,0.0,1.0,1.0,-0.0165027567184968,0.11071638041268372,Normal
2024-09-28,11,0.489,0.0,0.275,0.236,1.0,0.0,1.0,1.0,0.050107455784212,0.1031491145107808,Normal
2024-09-28,12,0.607,0.0,0.0,0.393,1.0,0.0,0.0,1.0,0.2773574149919661,0.06251092498689205,Normal
2024-09-28,13,0.921,0.0,0.079,0.0,2.0,0.0,1.0,0.0,0.289187941365355,0.04528255474019734,Normal
2024-09-28,14,0.046,0.079,0.433,0.443,1.0,2.0,2.0,1.0,-0.1765393389106301,0.06053476612256454,Normal
2024-09-28,15,0.931,0.0,0.0,0.069,1.0,0.0,0.0,1.0,0.3491735143287692,0.10687477709006088,Normal
2024-09-28,16,0.407,0.0,0.197,0.397,1.0,0.0,1.0,1.0,0.0891123625636902,0.0841622704311845,Normal
2024-09-28,17,0.413,0.0,0.551,0.036,3.0,0.0,2.0,1.0,-0.168564262567442,0.12702427603500838,Normal
2024-09-28,18,0.61,0.0,0.0,0.39,1.0,0.0,0.0,1.0,0.2780223788747143,0.1333114339676183,Normal
2024-09-28,19,0.0,0.0,0.131,0.869,0.0,0.0,1.0,1.0,0.0470188472381899,0.08944371603227903,Normal
2024-09-28,20,0.502,0.0,0.498,0.0,1.0,0.0,1.0,0.0,-0.11008056508673,0.15951247108901362,Normal
2024-09-28,21,1.0,0.0,0.0,0.0,1.0,0.0,0.0,0.0,0.3644676836319772,0.15492015889370025,Normal
2024-09-28,22,0.23,0.0,0.039,0.731,1.0,0.0,1.0,1.0,0.1652747338006724,0.0731055910922046,Normal
2024-09-28,23,0.0,0.0,0.472,0.528,0.0,0.0,2.0,2.0,-0.2023385970715207,0.1329047375507102,Normal
2024-09-29,0,0.0,0.0,0.489,0.511,0.0,0.0,2.0,2.0,-0.2147699066118875,0.18542993786558062,Normal
2024-09-29,1,0.0,0.0,0.613,0.387,0.0,0.0,1.0,1.0,-0.3054453409063277,0.15551856215050158,Normal
2024-09-29,2,0.0,0.0,0.207,0.793,0.0,0.0,2.0,2.0,-0.0085564189422734,0.08463046215715633,Normal
2024-09-29,3,0.0,0.0,1.0,0.0,0.0,0.0,1.0,0.0,-0.5884404463252663,0.23342110011891462,Normal
2024-09-29,4,0.0,0.0,0.37,0.63,0.0,0.0,2.0,1.0,-0.1277507398293199,0.10317719732530295,Normal
2024-09-29,5,0.02,0.0,0.98,0.0,1.0,0.0,1.0,0.0,-0.5693822837261214,0.17598714008429295,Normal
2024-09-29,6,0.059,0.0,0.866,0.075,1.0,0.0,1.0,1.0,-0.4773748539797,0.11650115423410908,Normal
2024-09-29,7,0.485,0.0,0.197,0.318,1.0,0.0,1.0,1.0,0.1062586104590935,0.1013140367509433,Normal
2024-09-29,8,1.0,0.0,0.0,0.0,1.0,0.0,0.0,0.0,0.3644676836319772,0.1238692864992757,Normal
2024-09-29,9,1.0,0.0,0.0,0.0,1.0,0.0,0.0,0.0,0.3644676836319772,0.15644093123297384,Normal
2024-09-29,10,1.0,0.0,0.0,0.0,1.0,0.0,0.0,0.0,0.3644676836319772,0.2389919714851063,Normal
2024-09-29,11,1.0,0.0,0.0,0.0,1.0,0.0,0.0,0.0,0.3644676836319772,0.3024836872466446,Leve
2024-09-29,12,0.449,0.0,0.0,0.551,2.0,0.0,0.0,1.0,0.2423359838338955,0.18224995937478788,Normal
2024-09-29,13,0.534,0.197,0.079,0.19,1.0,1.0,1.0,1.0,0.1708438636776209,0.2365307598308477,Normal
2024-09-29,14,0.0,0.0,0.0,1.0,0.0,0.0,0.0,1.0,0.1428130560492518,0.19140448484520498,Normal
2024-09-29,15,0.931,0.0,0.0,0.069,1.0,0.0,0.0,1.0,0.3491735143287692,0.13711146996950357,Normal
2024-09-29,16,0.725,0.0,0.275,0.0,2.0,0.0,1.0,0.0,0.1024179478937352,0.12343898019273337,Normal
2024-09-29,17,0.921,0.0,0.079,0.0,2.0,0.0,1.0,0.0,0.289187941365355,0.10109866222282579,Normal
2024-09-29,18,0.649,0.0,0.0,0.351,1.0,0.0,0.0,1.0,0.2866669093504406,0.10734093400569247,Normal
2024-09-29,19,0.0,0.0,0.17,0.83,0.0,0.0,1.0,1.0,0.0184999606455837,0.2870782579920232,Leve
2024-09-29,20,0.0,0.0,0.262,0.738,0.0,0.0,1.0,1.0,-0.0487753615728719,0.3420645498193826,Leve
2024-09-29,21,0.0,0.0,0.59,0.41,0.0,0.0,1.0,2.0,-0.2886265103517138,0.26297080746610574,Normal
2024-09-29,22,0.079,0.0,0.692,0.23,1.0,0.0,1.0,1.0,-0.3455608389588301,0.236301100793535,Normal
2024-09-29,23,0.0,0.0,0.095,0.905,0.0,0.0,1.0,2.0,0.0733439733236726,0.4463545788548086,Alto
2024-09-30,0,0.0,0.0,0.843,0.157,0.0,0.0,1.0,1.0,-0.4736336464524669,0.3825612038272786,Alto
2024-09-30,1,0.0,0.0,0.102,0.898,0.0,0.0,1.0,1.0,0.0682251988070509,0.35318073605529127,Leve
2024-09-30,2,0.0,0.0,0.521,0.479,0.0,0.0,2.0,2.0,-0.2381700186878721,0.26828104866254654,Leve
2024-09-30,3,0.0,0.0,0.567,0.433,0.0,0.0,2.0,1.0,-0.2718076797970998,0.31073612195906175,Leve
2024-09-30,4,0.118,0.0,0.882,0.0,1.0,0.0,2.0,0.0,-0.4759972869903115,0.2853806886245879,Leve
2024-09-30,5,0.0,0.0,0.98,0.02,0.0,0.0,1.0,1.0,-0.5738153762777759,0.25447668267163776,Normal
2024-09-30,6,0.666,0.0,0.0,0.334,1.0,0.0,0.0,1.0,0.2904350380193469,0.23749524236973435,Normal
2024-09-30,7,1.0,0.0,0.0,0.0,1.0,0.0,0.0,0.0,0.3644676836319772,0.30819501292847895,Leve
2024-09-30,8,0.341,0.0,0.659,0.0,1.0,0.0,1.0,0.0,-0.2634987740098462,0.42470437112099596,Alto
2024-09-30,9,0.0,0.0,1.0,0.0,0.0,0.0,1.0,0.0,-0.5884404463252663,0.3536192133501768,Leve
2024-09-30,10,0.141,0.0,0.859,0.0,3.0,0.0,3.0,0.0,-0.4540804000012949,0.2235219960895328,Normal
2024-09-30,11,0.921,0.0,0.079,0.0,2.0,0.0,1.0,0.0,0.289187941365355,0.11128164385907954,Normal
2024-09-30,12,1.0,0.0,0.0,0.0,1.0,0.0,0.0,0.0,0.3644676836319772,0.08634629168454157,Normal
2024-09-30,13,0.102,0.0,0.236,0.662,1.0,0.0,2.0,2.0,-0.0071539984976964,0.13882000018720428,Normal
2024-09-30,14,0.167,0.0,0.472,0.361,2.0,0.0,2.0,2.0,-0.1653222742652055,0.1379471381017027,Normal
2024-09-30,15,0.331,0.0,0.59,0.079,2.0,0.0,2.0,2.0,-0.2152588286218317,0.07756436622122191,Normal
2024-09-30,16,1.0,0.0,0.0,0.0,1.0,0.0,0.0,0.0,0.3644676836319772,0.11972235820016641,Normal
2024-09-30,17,0.961,0.039,0.0,0.0,2.0,1.0,0.0,0.0,0.3493765250561719,0.08773161718892822,Normal
2024-09-30,18,0.57,0.0,0.236,0.193,1.0,0.0,2.0,2.0,0.0964375541549697,0.11469660606286722,Normal
2024-09-30,19,0.0,0.0,0.485,0.515,0.0,0.0,7.0,7.0,-0.2118448926023894,0.09107430088004718,Normal
2024-09-30,20,0.0,0.0,0.459,0.541,0.0,0.0,1.0,1.0,-0.192832301540652,0.06732217206450909,Normal
2024-09-30,21,0.0,0.0,0.282,0.718,0.0,0.0,1.0,1.0,-0.0634004316203622,0.19870248147708433,Normal
2024-09-30,22,0.039,0.0,0.646,0.315,1.0,0.0,3.0,1.0,-0.3209321760089606,0.3961460223801069,Alto
2024-09-30,23,0.0,0.0,0.607,0.393,0.0,0.0,1.0,2.0,-0.3010578198920806,0.469412317166388,Alto
2024-10-01,0,0.0,0.0,0.803,0.197,0.0,0.0,2.0,2.0,-0.4443835063574862,0.23703241601276734,Normal
2024-10-01,1,0.0,0.0,0.77,0.23,0.0,0.0,2.0,2.0,-0.4202521407791271,0.22633338173529824,Normal
2024-10-01,2,0.0,0.0,0.167,0.833,0.0,0.0,2.0,2.0,0.0206937211527072,0.3462985050623062,Leve
2024-10-01,3,0.0,0.0,0.895,0.105,0.0,0.0,1.0,1.0,-0.5116588285759419,0.396024760603351,Alto
2024-10-01,4,0.157,0.0,0.436,0.407,1.0,0.0,3.0,2.0,-0.1412136944555501,0.4129854872974633,Alto
2024-10-01,5,0.0,0.0,1.0,0.0,0.0,0.0,1.0,0.0,-0.5884404463252663,0.5419546116846917,Alto
2024-10-01,6,0.862,0.0,0.138,0.0,1.0,0.0,1.0,0.0,0.2329663616978776,0.676379559915398,Alto
2024-10-01,7,1.0,0.0,0.0,0.0,1.0,0.0,0.0,0.0,0.3644676836319772,0.7391648121772905,Alto
2024-10-01,8,1.0,0.0,0.0,0.0,1.0,0.0,0.0,0.0,0.3644676836319772,0.7092321752305192,Alto
2024-10-01,9,0.803,0.0,0.197,0.0,2.0,0.0,1.0,0.0,0.1767447820304003,0.5379322031459677,Alto
2024-10-01,10,0.544,0.0,0.354,0.102,1.0,0.0,1.0,1.0,0.004529433613675,0.39887053480861234,Alto
2024-10-01,11,0.0,0.0,0.63,0.37,0.0,0.0,1.0,1.0,-0.3178766504466946,0.4221669471274595,Alto
2024-10-01,12,0.079,0.0,0.921,0.0,1.0,0.0,2.0,0.0,-0.513160704058644,0.41743064205076125,Alto
2024-10-01,13,0.033,0.0,0.928,0.039,1.0,0.0,1.0,1.0,-0.5284755914440711,0.4813285425046447,Alto
2024-10-01,14,0.085,0.0,0.915,0.0,1.0,0.0,1.0,0.0,-0.5074432552789006,0.5922741861157055,Alto
2024-10-01,15,0.433,0.0,0.567,0.0,2.0,0.0,3.0,0.0,-0.1758312260537798,0.5826520737342292,Alto
2024-10-01,16,0.0,0.0,1.0,0.0,0.0,0.0,1.0,0.0,-0.5884404463252663,0.6732442562013485,Alto
2024-10-01,17,0.079,0.0,0.921,0.0,2.0,0.0,3.0,0.0,-0.513160704058644,0.4865368037613707,Alto
2024-10-01,18,0.0,0.0,0.961,0.039,0.0,0.0,2.0,1.0,-0.55992155973266,0.3671263714057158,Alto
2024-10-01,19,0.0,0.0,1.0,0.0,0.0,0.0,1.0,0.0,-0.5884404463252663,0.2188431913086962,Normal
2024-10-01,20,0.0,0.0,1.0,0.0,0.0,0.0,1.0,0.0,-0.5884404463252663,0.13771662473316534,Normal
2024-10-01,21,0.0,0.0,1.0,0.0,0.0,0.0,1.0,0.0,-0.5884404463252663,0.18421584526077064,Normal
2024-10-01,22,0.551,0.0,0.449,0.0,1.0,0.0,2.0,0.0,-0.063388066718825,0.21426032900555983,Normal
2024-10-01,23,0.0,0.0,1.0,0.0,0.0,0.0,1.0,1.0,-0.5884404463252663,0.207652628273137,Normal
2024-10-02,0,0.803,0.0,0.197,0.0,1.0,0.0,1.0,0.0,0.1767447820304003,0.23602953446942465,Normal
2024-10-02,1,0.495,0.0,0.275,0.23,3.0,0.0,2.0,1.0,0.0514373835497084,0.11715609800320236,Normal
2024-10-02,2,0.118,0.0,0.482,0.4,1.0,0.0,2.0,2.0,-0.1834958860405043,0.29415455263807677,Leve
2024-10-02,3,0.0,0.0,1.0,0.0,0.0,0.0,1.0,0.0,-0.5884404463252663,0.41234114051607357,Alto
2024-10-02,4,0.118,0.0,0.843,0.039,1.0,0.0,3.0,1.0,-0.4474784003977053,0.3869270585779808,Alto
2024-10-02,5,0.0,0.0,0.587,0.413,0.0,0.0,4.0,4.0,-0.2864327498445903,0.48863750175343934,Alto
2024-10-02,6,0.666,0.0,0.236,0.098,2.0,0.0,1.0,1.0,0.1178592114589607,0.6478428311020689,Alto
2024-10-02,7,1.0,0.0,0.0,0.0,1.0,0.0,0.0,0.0,0.3644676836319772,0.6586340699825388,Alto
2024-10-02,8,0.37,0.0,0.63,0.0,2.0,0.0,1.0,0.0,-0.2358644382410861,0.6368549875519783,Alto
2024-10-02,9,1.0,0.0,0.0,0.0,1.0,0.0,0.0,0.0,0.3644676836319772,0.4478703385995893,Alto
2024-10-02,10,0.19,0.0,0.574,0.236,1.0,0.0,2.0,1.0,-0.2348120750730037,0.4117331954076674,Alto
2024-10-02,11,0.551,0.0,0.449,0.0,1.0,0.0,2.0,0.0,-0.063388066718825,0.3852509701121104,Alto
2024-10-02,12,0.433,0.0,0.567,0.0,2.0,0.0,3.0,0.0,-0.1758312260537798,0.42656583177695306,Alto
2024-10-02,13,0.702,0.039,0.259,0.0,1.0,1.0,1.0,0.0,0.1025733193972459,0.5660287048928971,Alto
2024-10-02,14,0.636,0.0,0.128,0.236,1.0,0.0,2.0,1.0,0.1901849508879268,0.6221340126536998,Alto
2024-10-02,15,0.0,0.0,0.292,0.708,0.0,0.0,2.0,1.0,-0.0707129666441074,0.6137336329024818,Alto
2024-10-02,16,0.948,0.0,0.052,0.0,1.0,0.0,1.0,0.0,0.3149164608742005,0.6044245491701135,Alto
2024-10-02,17,1.0,0.0,0.0,0.0,1.0,0.0,0.0,0.0,0.3644676836319772,0.4528887624448985,Alto
2024-10-02,18,0.334,0.0,0.157,0.508,1.0,0.0,1.0,1.0,0.1018960887330335,0.3205111960316181,Leve
2024-10-02,19,0.079,0.0,0.289,0.633,1.0,0.0,3.0,2.0,-0.0508656775018993,0.22109645336140368,Normal
2024-10-02,20,0.0,0.0,0.725,0.275,0.0,0.0,3.0,2.0,-0.3873457331722738,0.10425681814488316,Normal
2024-10-02,21,0.197,0.0,0.567,0.236,1.0,0.0,2.0,1.0,-0.228141718163303,0.056856803487217576,Normal
2024-10-02,22,0.0,0.0,0.252,0.748,0.0,0.0,2.0,1.0,-0.0414628265491267,0.1497621838611286,Normal
2024-10-02,23,0.0,0.0,0.803,0.197,0.0,0.0,3.0,1.0,-0.4443835063574862,0.07900534273262978,Normal
2024-10-07,0,0.0,0.0,0.63,0.37,0.0,0.0,1.0,2.0,-0.3178766504466946,0.11194941745370861,Normal
2024-10-07,1,0.157,0.0,0.511,0.331,1.0,0.0,1.0,2.0,-0.1962005201896883,0.15736588255185663,Normal
2024-10-07,2,0.0,0.0,0.59,0.41,0.0,0.0,1.0,2.0,-0.2886265103517138,0.2920103418178824,Leve
2024-10-07,3,0.0,0.0,0.262,0.738,0.0,0.0,1.0,1.0,-0.0487753615728719,0.3554006984330809,Leve
2024-10-07,4,0.0,0.0,0.528,0.472,0.0,0.0,2.0,1.0,-0.2432887932044937,0.15628051826751146,Normal
2024-10-07,5,0.079,0.039,0.882,0.0,1.0,1.0,2.0,0.0,-0.4910884455661168,0.13517199651144873,Normal
2024-10-07,6,0.154,0.079,0.374,0.393,1.0,1.0,2.0,1.0,-0.1095994955476484,0.13703334693044736,Normal
2024-10-07,7,1.0,0.0,0.0,0.0,1.0,0.0,0.0,0.0,0.3644676836319772,0.1462697804211809,Normal
2024-10-07,8,0.38,0.0,0.62,0.0,1.0,0.0,1.0,0.0,-0.2263353569415137,0.15727079793023524,Normal
2024-10-07,9,0.0,0.0,0.646,0.354,0.0,0.0,2.0,1.0,-0.3295767064846869,0.2000457117738589,Normal
2024-10-07,10,0.393,0.0,0.348,0.259,2.0,0.0,3.0,1.0,-0.0245528941370693,0.1891807245517633,Normal
2024-10-07,11,0.118,0.0,0.59,0.292,1.0,0.0,2.0,1.0,-0.2624712642969522,0.18767996415106597,Normal
2024-10-07,12,0.0,0.0,0.685,0.315,0.0,0.0,2.0,1.0,-0.3580955930772931,0.322216238939295,Leve
2024-10-07,13,0.118,0.0,0.882,0.0,1.0,0.0,2.0,0.0,-0.4759972869903115,0.26430700757370934,Leve
2024-10-07,14,0.0,0.0,0.528,0.472,0.0,0.0,2.0,1.0,-0.2432887932044937,0.10485009919444907,Normal
2024-10-07,15,0.852,0.079,0.069,0.0,2.0,1.0,1.0,0.0,0.2681477527293219,0.08750759165171593,Normal
2024-10-07,16,0.8,0.2,0.0,0.0,1.0,1.0,0.0,0.0,0.287077126832976,0.1887044787218783,Normal
2024-10-07,17,0.0,1.0,0.0,0.0,0.0,1.0,0.0,0.0,-0.0224851003630291,0.22891619064634294,Normal
2024-10-07,18,0.0,0.689,0.311,0.0,0.0,1.0,1.0,0.0,-0.1984972129572849,0.16508762017237413,Normal
2024-10-07,19,0.275,0.0,0.725,0.0,1.0,0.0,2.0,0.0,-0.3263907105870243,0.27614338287818674,Leve
2024-10-07,20,0.58,0.0,0.38,0.039,2.0,0.0,2.0,1.0,-0.0066464039111335,0.47080509075768234,Alto
2024-10-07,21,0.207,0.0,0.197,0.597,1.0,0.0,1.0,1.0,0.0447814370471451,0.4010626943669499,Alto
2024-10-07,22,0.0,0.0,0.889,0.111,0.0,0.0,1.0,1.0,-0.5072713075616947,0.3223939268797685,Leve
2024-10-07,23,0.944,0.0,0.056,0.0,1.0,0.0,1.0,1.0,0.3111048283543716,0.3983067717709121,Alto
2024-10-28,0,0.0,0.0,1.0,0.0,0.0,0.0,1.0,0.0,-0.5884404463252663,0.2939136024551677,Leve
2024-10-28,1,0.0,0.0,1.0,0.0,0.0,0.0,1.0,0.0,-0.5884404463252663,0.281786291800933,Leve
2024-10-28,2,0.0,0.0,1.0,0.0,0.0,0.0,1.0,0.0,-0.5884404463252663,0.27081926875355367,Leve
2024-10-28,3,0.0,0.0,1.0,0.0,0.0,0.0,1.0,0.0,-0.5884404463252663,0.2772625082315307,Leve
2024-10-28,4,0.0,0.0,0.957,0.043,0.0,0.0,1.0,1.0,-0.556996545723162,0.2768980498273976,Leve
2024-10-28,5,0.0,0.0,0.57,0.43,0.0,0.0,3.0,3.0,-0.2740014403042234,0.33550256338402956,Leve
2024-10-28,6,0.0,0.0,1.0,0.0,0.0,0.0,1.0,0.0,-0.5884404463252663,0.37771926503754677,Alto
2024-10-28,7,0.0,0.0,1.0,0.0,0.0,0.0,1.0,0.0,-0.5884404463252663,0.36730302405993903,Alto
2024-10-28,8,0.0,0.0,1.0,0.0,0.0,0.0,1.0,0.0,-0.5884404463252663,0.3329873004671929,Leve
2024-10-28,9,0.0,0.0,1.0,0.0,0.0,0.0,1.0,0.0,-0.5884404463252663,0.3515167187907833,Leve
2024-10-28,10,0.0,0.0,1.0,0.0,0.0,0.0,1.0,0.0,-0.5884404463252663,0.37048189418630834,Alto
2024-10-28,11,0.0,0.0,1.0,0.0,0.0,0.0,1.0,0.0,-0.5884404463252663,0.3378375708269175,Leve
2024-10-28,12,0.0,0.0,1.0,0.0,0.0,0.0,1.0,0.0,-0.5884404463252663,0.37350619512702743,Alto
2024-10-28,13,0.0,0.0,1.0,0.0,0.0,0.0,1.0,0.0,-0.5884404463252663,0.351031025933426,Leve
2024-10-28,14,0.0,0.0,0.764,0.236,0.0,0.0,3.0,2.0,-0.41586461976488,0.4052205363159648,Alto
2024-10-28,15,0.0,0.0,1.0,0.0,0.0,0.0,1.0,0.0,-0.5884404463252663,0.4960882085557912,Alto
2024-10-28,16,0.0,0.0,1.0,0.0,0.0,0.0,1.0,0.0,-0.5884404463252663,0.45597424497284345,Alto
2024-10-28,17,0.0,0.0,1.0,0.0,0.0,0.0,1.0,0.0,-0.5884404463252663,0.3905185619104763,Alto
2024-10-28,18,0.0,0.0,1.0,0.0,0.0,0.0,1.0,0.0,-0.5884404463252663,0.42338692149460455,Alto
2024-10-28,19,0.0,0.0,1.0,0.0,0.0,0.0,1.0,0.0,-0.5884404463252663,0.4540059884334505,Alto
2024-10-28,20,0.0,0.0,1.0,0.0,0.0,0.0,1.0,0.0,-0.5884404463252663,0.4587043289820231,Alto
2024-10-28,21,0.0,0.0,1.0,0.0,0.0,0.0,1.0,0.0,-0.5884404463252663,0.3711157507273253,Alto
2024-10-28,22,0.0,0.0,1.0,0.0,0.0,0.0,1.0,0.0,-0.5884404463252663,0.24673479031979356,Normal
2024-10-28,23,0.0,0.0,1.0,0.0,0.0,0.0,2.0,0.0,-0.5884404463252663,0.24156449476588357,Normal
2024-10-29,0,0.0,0.0,1.0,0.0,0.0,0.0,1.0,0.0,-0.5884404463252663,0.04407126539687362,Normal
2024-10-29,1,0.0,0.0,1.0,0.0,0.0,0.0,1.0,0.0,-0.5884404463252663,0.04842325374643765,Normal
2024-10-29,2,0.0,0.0,1.0,0.0,0.0,0.0,1.0,0.0,-0.5884404463252663,0.05902508380231152,Normal
2024-10-29,3,0.0,0.0,1.0,0.0,0.0,0.0,1.0,0.0,-0.5884404463252663,0.0625815638223413,Normal
2024-10-29,4,0.0,0.0,1.0,0.0,0.0,0.0,1.0,0.0,-0.5884404463252663,0.1447438906315332,Normal
2024-10-29,5,0.0,0.0,0.154,0.846,0.0,0.0,2.0,2.0,0.030200016683576,0.14889767069354404,Normal
2024-10-29,6,0.0,0.0,0.744,0.256,0.0,0.0,1.0,1.0,-0.4012395497173896,0.13447311833298026,Normal
2024-10-29,7,0.0,0.0,1.0,0.0,0.0,0.0,1.0,0.0,-0.5884404463252663,0.13199509662677855,Normal
2024-10-29,8,0.0,0.0,1.0,0.0,0.0,0.0,1.0,0.0,-0.5884404463252663,0.10680889529053202,Normal
2024-10-29,9,0.0,0.0,1.0,0.0,0.0,0.0,1.0,0.0,-0.5884404463252663,0.09051686139537361,Normal
2024-10-29,10,0.0,0.0,1.0,0.0,0.0,0.0,1.0,0.0,-0.5884404463252663,0.08942749955016609,Normal
2024-10-29,11,0.0,0.0,1.0,0.0,0.0,0.0,1.0,0.0,-0.5884404463252663,0.10408374175214034,Normal
2024-10-29,12,0.0,0.0,1.0,0.0,0.0,0.0,1.0,0.0,-0.5884404463252663,0.12848527653947325,Normal
2024-10-29,13,0.0,0.0,1.0,0.0,0.0,0.0,1.0,0.0,-0.5884404463252663,0.12443601541896035,Normal
2024-10-29,14,0.0,0.0,0.675,0.325,0.0,0.0,2.0,3.0,-0.3507830580535479,0.15879769526349855,Normal
2024-10-29,15,0.0,0.0,0.0,1.0,0.0,0.0,0.0,1.0,0.1428130560492518,0.18261901711910286,Normal
2024-10-29,16,0.0,0.0,0.83,0.17,0.0,0.0,1.0,1.0,-0.4641273509215981,0.21409864652355867,Normal
2024-10-29,17,0.0,0.0,1.0,0.0,0.0,0.0,1.0,0.0,-0.5884404463252663,0.2721299757720692,Leve
2024-10-29,18,0.0,0.0,1.0,0.0,0.0,0.0,1.0,0.0,-0.5884404463252663,0.21274036688900583,Normal
2024-10-29,19,0.0,0.0,1.0,0.0,0.0,0.0,1.0,0.0,-0.5884404463252663,0.15203714394781798,Normal
2024-10-29,20,0.0,0.0,1.0,0.0,0.0,0.0,1.0,0.0,-0.5884404463252663,0.2092947637826661,Normal
2024-10-29,21,0.0,0.0,1.0,0.0,0.0,0.0,1.0,0.0,-0.5884404463252663,0.3296151586083214,Leve
2024-10-29,22,0.0,0.0,1.0,0.0,0.0,0.0,1.0,0.0,-0.5884404463252663,0.4412219787328726,Alto
2024-10-29,23,0.0,0.0,1.0,0.0,0.0,0.0,2.0,0.0,-0.5884404463252663,0.48546480953745974,Alto
2024-11-24,0,0.0,0.0,0.669,0.331,0.0,0.0,1.0,2.0,-0.3463955370393008,0.5184382143514945,Alto
2024-11-24,1,0.0,0.0,0.23,0.77,0.0,0.0,1.0,1.0,-0.0253752494968873,0.526433183305037,Alto
2024-11-24,2,0.0,0.0,0.675,0.325,0.0,0.0,1.0,1.0,-0.3507830580535479,0.5526403081223814,Alto
2024-11-24,3,0.0,0.0,0.669,0.331,0.0,0.0,1.0,2.0,-0.3463955370393008,0.5288651445263975,Alto
2024-11-24,4,0.0,0.0,0.475,0.525,0.0,0.0,1.0,1.0,-0.2045323575786442,0.43444206054588497,Alto
2024-11-24,5,0.0,0.0,0.213,0.787,0.0,0.0,2.0,1.0,-0.0129439399565205,0.43273938986573424,Alto
2024-11-24,6,0.0,0.0,1.0,0.0,0.0,0.0,1.0,0.0,-0.5884404463252663,0.47426767328566993,Alto
2024-11-24,7,0.721,0.118,0.121,0.039,1.0,1.0,1.0,1.0,0.1944963732363817,0.6001686510800329,Alto
2024-11-24,8,1.0,0.0,0.0,0.0,1.0,0.0,0.0,0.0,0.3644676836319772,0.562222744834848,Alto
2024-11-24,9,1.0,0.0,0.0,0.0,1.0,0.0,0.0,0.0,0.3644676836319772,0.4872664042488211,Alto
2024-11-24,10,0.449,0.551,0.0,0.0,2.0,1.0,0.0,0.0,0.1512566996507287,0.397805834664063,Alto
2024-11-24,11,0.528,0.472,0.0,0.0,1.0,1.0,0.0,0.0,0.1818259695863342,0.3458807445324098,Leve
2024-11-24,12,0.157,0.843,0.0,0.0,1.0,2.0,0.0,0.0,0.0382664867241868,0.2967213002300749,Leve
2024-11-24,13,0.275,0.613,0.111,0.0,2.0,3.0,1.0,0.0,0.0211283569341522,0.263071048799424,Leve
2024-11-24,14,0.708,0.236,0.056,0.0,2.0,2.0,2.0,0.0,0.21978397133155,0.2362821234887305,Normal
2024-11-24,15,0.079,0.039,0.423,0.459,1.0,1.0,2.0,2.0,-0.1554430879762129,0.2316916080918641,Normal
2024-11-24,16,0.079,0.0,0.318,0.603,1.0,0.0,1.0,1.0,-0.0722148421268096,0.3349421867701152,Leve
2024-11-24,17,0.0,0.0,0.528,0.472,0.0,0.0,2.0,1.0,-0.2432887932044937,0.3585454051725039,Leve
2024-11-24,18,0.0,0.0,0.41,0.59,0.0,0.0,2.0,1.0,-0.1570008799243005,0.3745704353203328,Alto
2024-11-24,19,0.0,0.0,0.331,0.669,0.0,0.0,2.0,1.0,-0.0992318532367136,0.3523429106127852,Leve
2024-11-24,20,0.0,0.0,0.538,0.462,0.0,0.0,1.0,1.0,-0.2506013282282389,0.44179464959340076,Alto
2024-11-24,21,0.0,0.0,0.433,0.567,0.0,0.0,1.0,2.0,-0.1738197104789145,0.5695104491860087,Alto
2024-11-24,22,0.0,0.0,0.652,0.348,0.0,0.0,1.0,1.0,-0.3339642274989339,0.5894610087482558,Alto
2024-11-24,23,0.0,0.0,0.331,0.669,0.0,0.0,2.0,2.0,-0.0992318532367136,0.48515233835872595,Alto
2024-11-26,0,0.0,0.0,0.393,0.607,0.0,0.0,1.0,2.0,-0.1445695703839338,0.2979278319588733,Leve
2024-11-26,1,0.0,0.0,0.348,0.652,0.0,0.0,1.0,1.0,-0.1116631627770804,0.2069466688854161,Normal
2024-11-26,2,0.0,0.0,0.479,0.521,0.0,0.0,1.0,1.0,-0.2074573715881423,0.23153906158925666,Normal
2024-11-26,3,0.0,0.0,0.866,0.134,0.0,0.0,1.0,2.0,-0.4904524770070808,0.23373749362607094,Normal
2024-11-26,4,0.0,0.0,0.554,0.446,0.0,0.0,1.0,1.0,-0.2623013842662312,0.2628917903354441,Normal
2024-11-26,5,0.0,0.0,0.252,0.748,0.0,0.0,2.0,1.0,-0.0414628265491267,0.29986265750564745,Leve
2024-11-26,6,0.0,0.0,1.0,0.0,0.0,0.0,1.0,0.0,-0.5884404463252663,0.3529718124267359,Leve
2024-11-26,7,0.013,0.0,0.987,0.0,1.0,0.0,1.0,0.0,-0.5760526406358221,0.39569561448769736,Alto
2024-11-26,8,0.066,0.0,0.895,0.039,1.0,0.0,2.0,1.0,-0.497029623155482,0.2422509485967555,Normal
2024-11-26,9,0.197,0.282,0.482,0.039,1.0,1.0,2.0,1.0,-0.2125992505697322,0.05619389712645762,Normal
2024-11-26,10,0.495,0.348,0.039,0.118,2.0,2.0,1.0,2.0,0.1664894516786209,0.09972107587934505,Normal
2024-11-26,11,1.0,0.0,0.0,0.0,1.0,0.0,0.0,0.0,0.3644676836319772,0.1069577228629545,Normal
2024-11-26,12,1.0,0.0,0.0,0.0,2.0,0.0,0.0,0.0,0.3644676836319772,0.07687371396798552,Normal
2024-11-26,13,0.456,0.544,0.0,0.0,4.0,2.0,0.0,0.0,0.1539653691386937,0.031601441645982525,Normal
2024-11-26,14,0.0,1.0,0.0,0.0,0.0,1.0,0.0,0.0,-0.0224851003630291,0.06292707289849735,Normal
2024-11-26,15,0.0,0.738,0.262,0.0,0.0,1.0,1.0,0.0,-0.1707654010051353,0.06773840664290415,Normal
2024-11-26,16,0.0,0.0,0.37,0.63,0.0,0.0,2.0,1.0,-0.1277507398293199,0.02846825017775884,Normal
2024-11-26,17,0.0,0.0,0.528,0.472,0.0,0.0,2.0,1.0,-0.2432887932044937,0.06169048981405302,Normal
2024-11-26,18,0.197,0.0,0.649,0.154,1.0,0.0,3.0,2.0,-0.2881045053580135,0.04410344494222479,Normal
2024-11-26,19,0.118,0.157,0.446,0.279,3.0,2.0,4.0,2.0,-0.1831225705117497,0.03776169355603295,Normal
2024-11-26,20,0.039,0.0,0.292,0.669,1.0,0.0,3.0,1.0,-0.0620684361683811,0.04360690682224222,Normal
2024-11-26,21,0.0,0.0,0.482,0.518,0.0,0.0,1.0,1.0,-0.2096511320952659,0.1864539557363168,Normal
2024-11-26,22,0.0,0.0,0.692,0.308,0.0,0.0,1.0,1.0,-0.3632143675939147,0.29841127687923263,Leve
2024-11-26,23,0.0,0.0,0.489,0.511,0.0,0.0,2.0,2.0,-0.2147699066118875,0.3005770985758127,Leve
2024-11-28,0,0.0,0.0,0.331,0.669,0.0,0.0,1.0,1.0,-0.0992318532367136,0.17397725774921907,Normal
2024-11-28,1,0.0,0.0,0.613,0.387,0.0,0.0,1.0,1.0,-0.3054453409063277,0.1454602945228914,Normal
2024-11-28,2,0.0,0.0,0.708,0.292,0.0,0.0,1.0,2.0,-0.3749144236319069,0.1594220467044336,Normal
2024-11-28,3,0.0,0.0,0.498,0.502,0.0,0.0,1.0,1.0,-0.2213511881332581,0.14331290330058516,Normal
2024-11-28,4,0.0,0.0,0.328,0.672,0.0,0.0,1.0,1.0,-0.0970380927295901,0.08245626459630728,Normal
2024-11-28,5,0.0,0.0,0.807,0.193,0.0,0.0,1.0,1.0,-0.4473085203669843,0.0790709656642862,Normal
2024-11-28,6,0.0,0.0,0.607,0.393,0.0,0.0,2.0,1.0,-0.3010578198920806,0.1829462222950758,Normal
2024-11-28,7,0.039,0.0,0.961,0.0,1.0,0.0,2.0,0.0,-0.5512770292569338,0.20958742088818094,Normal
2024-11-28,8,0.541,0.0,0.302,0.157,1.0,0.0,2.0,1.0,0.0418896518544018,0.2188854843018287,Normal
2024-11-28,9,1.0,0.0,0.0,0.0,1.0,0.0,0.0,0.0,0.3644676836319772,0.23371417162438363,Normal
2024-11-28,10,0.961,0.039,0.0,0.0,2.0,1.0,0.0,0.0,0.3493765250561719,0.28048507140133594,Leve
2024-11-28,11,0.095,0.905,0.0,0.0,1.0,1.0,0.0,0.0,0.0142754141164964,0.3121944657654148,Leve
2024-11-28,12,0.0,1.0,0.0,0.0,0.0,1.0,0.0,0.0,-0.0224851003630291,0.2146188569000851,Normal
2024-11-28,13,0.354,0.456,0.19,0.0,2.0,1.0,2.0,0.0,0.006964669438378,0.213307531261316,Normal
2024-11-28,14,0.748,0.197,0.046,0.01,2.0,2.0,1.0,1.0,0.2425521326147325,0.24092406782518216,Normal
2024-11-28,15,0.538,0.157,0.157,0.148,4.0,1.0,2.0,2.0,0.1213046352592306,0.26277555021834237,Normal
2024-11-28,16,0.725,0.0,0.118,0.157,2.0,0.0,2.0,2.0,0.2172247477665346,0.27699210785690115,Leve
2024-11-28,17,0.862,0.0,0.138,0.0,3.0,0.0,3.0,0.0,0.2329663616978776,0.24402871520562075,Normal
2024-11-28,18,0.63,0.0,0.252,0.118,2.0,0.0,4.0,2.0,0.0981795888279902,0.17277433016268726,Normal
2024-11-28,19,0.275,0.0,0.239,0.485,1.0,0.0,2.0,1.0,0.0288556785109422,0.1067811025123558,Normal
2024-11-28,20,0.551,0.0,0.197,0.252,1.0,0.0,2.0,2.0,0.1208878158795534,0.15408064995173668,Normal
2024-11-28,21,0.0,0.0,0.439,0.561,0.0,0.0,1.0,1.0,-0.1782072314931616,0.05361120689860408,Normal
2024-11-28,22,0.0,0.0,0.331,0.669,0.0,0.0,2.0,1.0,-0.0992318532367136,0.13010091365603435,Normal
2024-11-28,23,0.0,0.0,0.331,0.669,0.0,0.0,1.0,2.0,-0.0992318532367136,0.11646382765326888,Normal
2024-11-29,0,0.0,0.0,0.685,0.315,0.0,0.0,1.0,1.0,-0.3580955930772931,0.13492559512759994,Normal
2024-11-29,1,0.0,0.0,0.102,0.898,0.0,0.0,1.0,1.0,0.0682251988070509,0.14118010800275593,Normal
2024-11-29,2,0.0,0.0,0.787,0.213,0.0,0.0,1.0,2.0,-0.4326834503194939,0.03818410137758562,Normal
2024-11-29,3,0.0,0.0,0.616,0.384,0.0,0.0,1.0,1.0,-0.3076391014134513,0.0626835804081872,Normal
2024-11-29,4,0.0,0.0,0.213,0.787,0.0,0.0,2.0,1.0,-0.0129439399565205,0.06238721806582137,Normal
2024-11-29,5,0.197,0.0,0.803,0.0,4.0,0.0,5.0,0.0,-0.4007175447236893,0.038320733279073683,Normal
2024-11-29,6,0.0,0.0,0.492,0.508,0.0,0.0,2.0,2.0,-0.2169636671190111,0.04968714334390099,Normal
2024-11-29,7,0.669,0.0,0.17,0.161,2.0,0.0,3.0,1.0,0.166786906498427,0.056208283597260295,Normal
2024-11-29,8,0.157,0.0,0.803,0.039,2.0,0.0,2.0,1.0,-0.4097265428830476,0.16460301481603443,Normal
2024-11-29,9,0.518,0.0,0.482,0.0,3.0,0.0,3.0,0.0,-0.0948340350074141,0.17312128120395742,Normal
2024-11-29,10,0.921,0.0,0.079,0.0,2.0,0.0,1.0,0.0,0.289187941365355,0.12660749963638038,Normal
2024-11-29,11,0.37,0.0,0.472,0.157,1.0,0.0,2.0,2.0,-0.1204691979219615,0.0994397125964611,Normal
2024-11-29,12,0.213,0.0,0.039,0.748,1.0,0.0,1.0,2.0,0.1615066051317661,0.13513464776439454,Normal
2024-11-29,13,0.967,0.0,0.033,0.0,1.0,0.0,1.0,0.0,0.3330217153433882,0.21309662819438815,Normal
2024-11-29,14,0.993,0.0,0.007,0.0,1.0,0.0,1.0,0.0,0.3577973267222765,0.2413343185110727,Normal
2024-11-29,15,0.226,0.774,0.0,0.0,1.0,1.0,0.0,0.0,0.0649662288198422,0.2825632510451108,Leve
2024-11-29,16,0.472,0.449,0.079,0.0,2.0,3.0,2.0,0.0,0.1154461413515971,0.294649438866737,Leve
2024-11-29,17,0.0,1.0,0.0,0.0,0.0,1.0,0.0,0.0,-0.0224851003630291,0.25097844473619796,Normal
2024-11-29,18,0.275,0.177,0.275,0.272,3.0,1.0,2.0,2.0,-0.0267272212595141,0.19778018221145402,Normal
2024-11-29,19,0.079,0.0,0.472,0.449,1.0,0.0,2.0,2.0,-0.1848278814924854,0.15299083850143186,Normal
2024-11-29,20,0.0,0.0,0.551,0.449,0.0,0.0,1.0,2.0,-0.2601076237591077,0.1753643538331731,Normal
2024-11-29,21,0.197,0.0,0.085,0.718,1.0,0.0,2.0,1.0,0.1243224699812146,0.2626306684045523,Normal
2024-11-29,22,0.967,0.0,0.033,0.0,1.0,0.0,1.0,0.0,0.3330217153433882,0.31059583867417007,Leve
2024-11-29,23,0.095,0.0,0.197,0.708,1.0,0.0,2.0,2.0,0.0198133057018306,0.3121877568960687,Leve
2024-11-30,0,0.725,0.0,0.275,0.0,2.0,0.0,2.0,0.0,0.1024179478937352,0.24124048284471078,Normal
2024-11-30,1,0.22,0.0,0.118,0.662,1.0,0.0,1.0,1.0,0.1052891608372582,0.16943104619215257,Normal
2024-11-30,2,0.0,0.0,0.59,0.41,0.0,0.0,1.0,2.0,-0.2886265103517138,0.15393346446151515,Normal
2024-11-30,3,0.0,0.0,0.341,0.659,0.0,0.0,1.0,1.0,-0.1065443882604588,0.12515527059600026,Normal
2024-11-30,4,0.0,0.0,0.21,0.79,0.0,0.0,1.0,1.0,-0.0107501794493969,0.07357944426324174,Normal
2024-11-30,5,0.0,0.0,0.452,0.548,0.0,0.0,1.0,1.0,-0.1877135270240303,0.07194812512879159,Normal
2024-11-30,6,0.0,0.0,0.37,0.63,0.0,0.0,2.0,1.0,-0.1277507398293199,0.14479018884635628,Normal
2024-11-30,7,0.0,0.0,0.515,0.485,0.0,0.0,1.0,1.0,-0.233782497673625,0.24763377956042898,Normal
2024-11-30,8,0.118,0.0,0.698,0.184,2.0,0.0,3.0,2.0,-0.3414466425534002,0.14572461907529732,Normal
2024-11-30,9,0.046,0.0,0.836,0.118,2.0,0.0,3.0,1.0,-0.4583187590670399,0.21245352235497905,Normal
2024-11-30,10,0.528,0.0,0.393,0.079,5.0,0.0,2.0,2.0,-0.0275359270202547,0.08956224778137359,Normal
2024-11-30,11,0.803,0.0,0.197,0.0,3.0,0.0,2.0,0.0,0.1767447820304003,0.1299861719413898,Normal
2024-11-30,12,0.607,0.0,0.393,0.0,3.0,0.0,2.0,0.0,-0.0100252114412194,0.14899676047054017,Normal
2024-11-30,13,0.967,0.0,0.033,0.0,1.0,0.0,1.0,0.0,0.3330217153433882,0.1522873509070826,Normal
2024-11-30,14,0.875,0.0,0.125,0.0,1.0,0.0,1.0,0.0,0.2453541673873218,0.07911510224300174,Normal
2024-11-30,15,0.266,0.0,0.197,0.538,1.0,0.0,1.0,1.0,0.0578590600745259,0.0816145812475168,Normal
2024-11-30,16,0.436,0.0,0.433,0.131,1.0,0.0,1.0,1.0,-0.0771782928528462,0.07455717114635532,Normal
2024-11-30,17,1.0,0.0,0.0,0.0,1.0,0.0,0.0,0.0,0.3644676836319772,0.11688718186364673,Normal
2024-11-30,18,0.925,0.0,0.075,0.0,1.0,0.0,1.0,0.0,0.292999573885184,0.06717414662007529,Normal
2024-11-30,19,0.0,0.0,0.672,0.328,0.0,0.0,2.0,2.0,-0.3485892975464243,0.10357904869652712,Normal
2024-11-30,20,0.0,0.0,0.226,0.774,0.0,0.0,1.0,1.0,-0.0224502354873892,0.07340163002101215,Normal
2024-11-30,21,0.0,0.0,0.364,0.636,0.0,0.0,1.0,1.0,-0.1233632188150727,0.13875325228595553,Normal
2024-11-30,22,0.0,0.0,0.472,0.528,0.0,0.0,1.0,2.0,-0.2023385970715207,0.09274914251536305,Normal
2024-11-30,23,0.0,0.0,0.433,0.567,0.0,0.0,2.0,1.0,-0.1738197104789145,0.05056916315506033,Normal
2024-12-01,0,0.213,0.0,0.157,0.63,1.0,0.0,1.0,1.0,0.075218691851573,0.09836213640810752,Normal
2024-12-01,1,1.0,0.0,0.0,0.0,1.0,0.0,0.0,0.0,0.3644676836319772,0.16007114974832354,Normal
2024-12-01,2,0.321,0.0,0.197,0.482,1.0,0.0,1.0,1.0,0.0699072515355266,0.05546946398252965,Normal
2024-12-01,3,0.0,0.0,0.498,0.502,0.0,0.0,1.0,1.0,-0.2213511881332581,0.09095564171403042,Normal
2024-12-01,4,0.0,0.0,0.17,0.83,0.0,0.0,1.0,1.0,0.0184999606455837,0.17421098881094024,Normal
2024-12-01,5,0.0,0.0,0.531,0.469,0.0,0.0,1.0,1.0,-0.2454825537116173,0.17101687641629743,Normal
2024-12-01,6,0.0,0.0,0.607,0.393,0.0,0.0,2.0,1.0,-0.3010578198920806,0.29677274204032206,Leve
2024-12-01,7,0.0,0.0,0.83,0.17,0.0,0.0,1.0,1.0,-0.4641273509215981,0.40093285767883324,Alto
2024-12-01,8,0.0,0.0,0.777,0.223,0.0,0.0,2.0,2.0,-0.4253709152957487,0.3953429255452777,Alto
2024-12-01,9,0.275,0.079,0.567,0.079,3.0,1.0,4.0,1.0,-0.2239112115684206,0.39449078506561586,Alto
2024-12-01,10,0.849,0.0,0.033,0.118,1.0,0.0,1.0,1.0,0.3068664692886266,0.2780651680966632,Leve
2024-12-01,11,1.0,0.0,0.0,0.0,1.0,0.0,0.0,0.0,0.3644676836319772,0.20424607574124534,Normal
2024-12-01,12,0.921,0.079,0.0,0.0,4.0,2.0,0.0,0.0,0.3338984136963717,0.20972488566975428,Normal
2024-12-01,13,0.095,0.669,0.157,0.079,2.0,2.0,1.0,1.0,-0.0615210208430046,0.2768923958811857,Leve
2024-12-01,14,0.567,0.0,0.433,0.0,3.0,0.0,2.0,0.0,-0.0481415366395092,0.2349029623517727,Normal
2024-12-01,15,0.069,0.0,0.931,0.0,1.0,0.0,1.0,0.0,-0.5226897853582165,0.2469942764835779,Normal
2024-12-01,16,0.475,0.0,0.525,0.0,2.0,0.0,2.0,0.0,-0.1358090845955756,0.17407603001278527,Normal
2024-12-01,17,0.37,0.0,0.63,0.0,3.0,0.0,2.0,0.0,-0.2358644382410861,0.19217370582002127,Normal
2024-12-01,18,0.374,0.0,0.626,0.0,2.0,0.0,2.0,0.0,-0.2320528057212572,0.12306570361014581,Normal
2024-12-01,19,0.0,0.0,0.711,0.289,0.0,0.0,2.0,2.0,-0.3771081841390305,0.0969400248214637,Normal
2024-12-01,20,0.187,0.0,0.511,0.302,1.0,0.0,1.0,1.0,-0.1894080683061572,0.20589422546057415,Normal
2024-12-01,21,0.685,0.0,0.315,0.0,2.0,0.0,1.0,0.0,0.0643016226954455,0.34608886538955386,Leve
2024-12-01,22,0.151,0.0,0.534,0.315,1.0,0.0,2.0,1.0,-0.2142064654537493,0.3269561130614023,Leve
2024-12-01,23,0.0,0.0,0.607,0.393,0.0,0.0,3.0,1.0,-0.3010578198920806,0.3321386390668829,Leve
2024-12-02,0,0.0,0.0,0.607,0.393,0.0,0.0,2.0,1.0,-0.3010578198920806,0.24268117873246872,Normal
2024-12-02,1,0.151,0.0,0.456,0.393,1.0,0.0,2.0,1.0,-0.1571686922685369,0.15756623243134962,Normal
2024-12-02,2,1.0,0.0,0.0,0.0,1.0,0.0,0.0,0.0,0.3644676836319772,0.10753603539126443,Normal
2024-12-02,3,0.03,0.0,0.616,0.354,1.0,0.0,2.0,1.0,-0.3009894625859695,0.16262804162483874,Normal
2024-12-02,4,0.0,0.0,0.682,0.318,0.0,0.0,1.0,1.0,-0.3559018325701695,0.0975938077938337,Normal
2024-12-02,5,0.0,0.0,0.728,0.272,0.0,0.0,1.0,1.0,-0.3895394936793973,0.21230302433972714,Normal
2024-12-02,6,0.669,0.0,0.331,0.0,1.0,0.0,2.0,0.0,0.0490550926161296,0.25766437434320055,Normal
2024-12-02,7,0.407,0.0,0.239,0.354,1.0,0.0,1.0,1.0,0.0582569024079112,0.18660949402749302,Normal
2024-12-02,8,0.852,0.0,0.148,0.0,1.0,0.0,1.0,0.0,0.2234372803983051,0.09768577425263168,Normal
2024-12-02,9,0.046,0.0,0.757,0.197,1.0,0.0,2.0,1.0,-0.400549732379453,0.1232122641485414,Normal
2024-12-02,10,0.961,0.039,0.0,0.0,2.0,1.0,0.0,0.0,0.3493765250561719,0.08148025087694416,Normal
2024-12-02,11,0.528,0.0,0.472,0.0,4.0,0.0,3.0,0.0,-0.0853049537078416,0.10296103551361403,Normal
2024-12-02,12,1.0,0.0,0.0,0.0,2.0,0.0,0.0,0.0,0.3644676836319772,0.03962421092988749,Normal
2024-12-02,13,0.18,0.23,0.315,0.275,2.0,1.0,1.0,1.0,-0.0856525402086554,0.01655448143519049,Normal
2024-12-02,14,0.0,0.4,0.561,0.039,0.0,3.0,3.0,1.0,-0.3335394213477652,0.024317728861967997,Normal
2024-12-02,15,0.433,0.0,0.567,0.0,1.0,0.0,2.0,0.0,-0.1758312260537798,0.1886066013382939,Normal
2024-12-02,16,0.239,0.0,0.603,0.157,2.0,0.0,3.0,2.0,-0.2453001629463604,0.08613160718951517,Normal
2024-12-02,17,0.508,0.0,0.492,0.0,2.0,0.0,2.0,0.0,-0.1043631163069865,0.07504605751867567,Normal
2024-12-02,18,0.0,0.0,0.331,0.669,0.0,0.0,2.0,1.0,-0.0992318532367136,0.10662116519203578,Normal
2024-12-02,19,0.0,0.0,0.593,0.407,0.0,0.0,1.0,1.0,-0.2908202708588374,0.05036994833806674,Normal
2024-12-02,20,0.0,0.0,0.787,0.213,0.0,0.0,1.0,2.0,-0.4326834503194939,0.1654024356641022,Normal
2024-12-02,21,0.0,0.0,0.361,0.639,0.0,0.0,1.0,1.0,-0.1211694583079492,0.28752840007838476,Leve
2024-12-02,22,0.0,0.0,0.607,0.393,0.0,0.0,2.0,1.0,-0.3010578198920806,0.27001220417698674,Leve
2024-12-02,23,0.0,0.0,0.449,0.551,0.0,0.0,2.0,1.0,-0.1855197665169068,0.23612569909556036,Normal
2024-12-03,0,0.0,0.0,0.331,0.669,0.0,0.0,1.0,1.0,-0.0992318532367136,0.13665966130958157,Normal
2024-12-03,1,0.0,0.0,0.613,0.387,0.0,0.0,1.0,1.0,-0.3054453409063277,0.11452750147950873,Normal
2024-12-03,2,0.197,0.0,0.482,0.321,1.0,0.0,3.0,2.0,-0.165985170461469,0.1275006907530193,Normal
2024-12-03,3,0.0,0.0,0.449,0.551,0.0,0.0,2.0,1.0,-0.1855197665169068,0.19497460316589355,Normal
2024-12-03,4,0.0,0.0,0.131,0.869,0.0,0.0,1.0,1.0,0.0470188472381899,0.20483652038723404,Normal
2024-12-03,5,0.0,0.0,0.492,0.508,0.0,0.0,1.0,1.0,-0.2169636671190111,0.2810986107244453,Leve
2024-12-03,6,0.0,0.0,0.843,0.157,0.0,0.0,3.0,2.0,-0.4736336464524669,0.38993742401979786,Alto
2024-12-03,7,0.0,0.0,1.0,0.0,0.0,0.0,1.0,0.0,-0.5884404463252663,0.31278379264700507,Leve
2024-12-03,8,0.0,0.0,0.725,0.275,0.0,0.0,4.0,3.0,-0.3873457331722738,0.17072643965902062,Normal
2024-12-03,9,0.125,0.0,0.836,0.039,2.0,0.0,3.0,1.0,-0.4408080434880046,0.10858858057355009,Normal
2024-12-03,10,0.961,0.039,0.0,0.0,2.0,1.0,0.0,0.0,0.3493765250561719,0.060881398500193924,Normal
2024-12-03,11,1.0,0.0,0.0,0.0,1.0,0.0,0.0,0.0,0.3644676836319772,0.07101276228746502,Normal
2024-12-03,12,0.59,0.095,0.315,0.0,1.0,1.0,1.0,0.0,0.0275411082159199,0.07873516446691459,Normal
2024-12-03,13,0.59,0.023,0.387,0.0,1.0,1.0,1.0,0.0,-0.0132076766933611,0.1275964891441426,Normal
2024-12-03,14,0.59,0.0,0.282,0.128,1.0,0.0,2.0,1.0,0.0673757986534457,0.09137844334803959,Normal
2024-12-03,15,0.0,0.0,0.511,0.489,0.0,0.0,1.0,2.0,-0.2308574836641269,0.11494923024921291,Normal
2024-12-03,16,0.118,0.0,0.751,0.131,1.0,0.0,2.0,1.0,-0.3802030781792497,0.11333376091104648,Normal
2024-12-03,17,0.452,0.0,0.233,0.315,1.0,0.0,2.0,2.0,0.072618881663381,0.23463153263045164,Normal
2024-12-03,18,0.57,0.0,0.315,0.115,1.0,0.0,1.0,1.0,0.038811340523432,0.204198230307782,Normal
2024-12-03,19,0.0,0.0,0.525,0.475,0.0,0.0,1.0,1.0,-0.2410950326973702,0.1782763716643599,Normal
2024-12-03,20,0.0,0.0,0.262,0.738,0.0,0.0,1.0,1.0,-0.0487753615728719,0.12190079099153033,Normal
2024-12-03,21,0.0,0.0,0.59,0.41,0.0,0.0,1.0,2.0,-0.2886265103517138,0.11003268008745969,Normal
2024-12-03,22,0.0,0.0,0.416,0.584,0.0,0.0,1.0,1.0,-0.1613884009385477,0.14981987030912988,Normal
2024-12-03,23,0.0,0.0,0.607,0.393,0.0,0.0,2.0,3.0,-0.3010578198920806,0.09664378560404864,Normal
2024-12-04,0,0.0,0.0,0.63,0.37,0.0,0.0,1.0,2.0,-0.3178766504466946,0.12846027113790548,Normal
2024-12-04,1,0.0,0.0,0.23,0.77,0.0,0.0,1.0,1.0,-0.0253752494968873,0.17500305424105891,Normal
2024-12-04,2,0.0,0.0,0.961,0.039,0.0,0.0,2.0,1.0,-0.55992155973266,0.19627024027264403,Normal
2024-12-04,3,0.0,0.0,0.37,0.63,0.0,0.0,2.0,1.0,-0.1277507398293199,0.29777884296355567,Leve
2024-12-04,4,0.0,0.0,0.721,0.279,0.0,0.0,1.0,1.0,-0.3844207191627757,0.2541310958397713,Normal
2024-12-04,5,0.0,0.0,0.57,0.43,0.0,0.0,1.0,1.0,-0.2740014403042234,0.22302707291770035,Normal
2024-12-04,6,0.0,0.0,0.964,0.036,0.0,0.0,1.0,1.0,-0.5621153202397836,0.28491196697582694,Leve
2024-12-04,7,0.0,0.0,0.682,0.318,0.0,0.0,1.0,1.0,-0.3559018325701695,0.3400304259784778,Leve
2024-12-04,8,0.157,0.157,0.41,0.275,2.0,1.0,3.0,3.0,-0.14829572700659,0.27232178991347183,Leve
2024-12-04,9,0.079,0.079,0.528,0.315,1.0,1.0,4.0,2.0,-0.2386938189259793,0.2680231932766657,Leve
2024-12-04,10,0.118,0.0,0.348,0.534,1.0,0.0,1.0,2.0,-0.0855079167223188,0.28249018924624963,Leve
2024-12-04,11,0.0,0.0,0.59,0.41,0.0,0.0,3.0,3.0,-0.2886265103517138,0.2746373527076052,Leve
2024-12-04,12,0.0,0.0,0.567,0.433,0.0,0.0,5.0,4.0,-0.2718076797970998,0.256762963171179,Normal
2024-12-04,13,0.0,0.0,0.607,0.393,0.0,0.0,4.0,3.0,-0.3010578198920806,0.2516239782847096,Normal
2024-12-04,14,0.0,0.0,0.833,0.167,0.0,0.0,2.0,2.0,-0.4663211114287217,0.26099192937669446,Normal
2024-12-04,15,0.079,0.039,0.669,0.213,1.0,1.0,2.0,3.0,-0.3353314495603444,0.24732734517252858,Normal
2024-12-04,16,0.0,0.0,0.397,0.603,0.0,0.0,2.0,2.0,-0.1474945843934318,0.25555094269509676,Normal
2024-12-04,17,0.0,0.0,1.0,0.0,0.0,0.0,1.0,0.0,-0.5884404463252663,0.36843468914216154,Alto
2024-12-04,18,0.0,0.0,1.0,0.0,0.0,0.0,1.0,0.0,-0.5884404463252663,0.3905475540083332,Alto
2024-12-04,19,0.0,0.0,0.882,0.118,0.0,0.0,2.0,1.0,-0.5021525330450731,0.41013896192175264,Alto
2024-12-04,20,0.0,0.0,1.0,0.0,0.0,0.0,1.0,0.0,-0.5884404463252663,0.37110952753972265,Alto
2024-12-04,21,0.0,0.0,1.0,0.0,0.0,0.0,1.0,0.0,-0.5884404463252663,0.27638245267968603,Leve
2024-12-04,22,0.0,0.0,0.882,0.118,0.0,0.0,4.0,2.0,-0.5021525330450731,0.24050536073096315,Normal
2024-12-04,23,0.0,0.0,1.0,0.0,0.0,0.0,1.0,1.0,-0.5884404463252663,0.16339019121674053,Normal
